Variables ->,dyobs,lur,dp,ptr,rff,tr
1960Q1,6.17919817423813,5.133333333333334,1.2644366931319257,,3.9333333333333336,0.0
1960Q2,-3.2852639296179107,5.233333333333333,1.5120668193703368,,3.6966666666666668,0.0
1960Q3,0.6776104281441345,5.533333333333334,1.5648391836506306,,2.936666666666667,0.0
1960Q4,-6.57142349655998,6.266666666666666,1.309084497416962,,2.296666666666667,0.0
1961Q1,1.2338566691051258,6.8,0.6820262818447734,,2.0033333333333334,0.0
1961Q2,5.445485075491677,7.0,1.3108781333286195,,1.7333333333333334,
1961Q3,6.380992544019081,6.766666666666667,1.7356833581508055,,1.6833333333333333,
1961Q4,7.135920815207268,6.2,0.9555390775242,,2.4,
1962Q1,6.437989527238611,5.633333333333333,1.4782286312741473,,2.4566666666666666,
1962Q2,2.128928485895385,5.533333333333334,1.53811729481232,,2.606666666666667,
1962Q3,3.0608099357288943,5.566666666666666,1.3125323859657887,,2.8466666666666662,
1962Q4,-0.930225088938073,5.533333333333334,0.7480893382336113,,2.9233333333333333,
1963Q1,2.3854895509771405,5.766666666666667,1.3219935187470206,,2.966666666666667,
1963Q2,2.7365000761683254,5.733333333333333,1.5112808287715451,,2.9633333333333334,
1963Q3,7.056472085131029,5.5,1.5377357491439436,,3.33,
1963Q4,0.9262722806190846,5.566666666666666,1.9238899590685359,,3.453333333333333,
1964Q1,6.664393919208746,5.466666666666666,1.6917730954455459,,3.4633333333333334,
1964Q2,2.73537339106265,5.2,1.184761975767483,,3.49,
1964Q3,4.478513864394835,5.0,1.110010623130481,,3.456666666666667,
1964Q4,-0.5238805476872771,4.966666666666666,1.0200758723503798,,3.5766666666666667,
1965Q1,7.89174634724503,4.8999999999999995,1.5055836632348905,,3.9766666666666666,
1965Q2,3.4019478900381386,4.666666666666667,1.2411879791371572,,4.079999999999999,
1965Q3,7.466481475344053,4.366666666666667,1.2373485207909516,,4.076666666666667,
1965Q4,7.774115369119933,4.1000000000000005,1.3270635306140284,,4.166666666666667,
1966Q1,8.54447086323778,3.8666666666666667,1.997885777026678,,4.56,
1966Q2,0.24417672737589488,3.8333333333333335,3.243699353922791,,4.913333333333333,
1966Q3,2.232898234093449,3.766666666666667,3.2862730925905206,,5.41,
1966Q4,2.0742754948895965,3.6999999999999997,3.441061129422953,,5.5633333333333335,
1967Q1,2.2028317351231568,3.8333333333333335,2.1949687837058702,,4.823333333333333,
1967Q2,-1.2500714682009584,3.8333333333333335,2.668975677938838,,3.9899999999999998,
1967Q3,1.7990572160871676,3.7999999999999994,3.615087368106746,,3.893333333333333,
1967Q4,1.1900282195030294,3.9,4.0154692025668375,,4.173333333333333,
1968Q1,6.51893381592855,3.733333333333333,4.534071945614188,,4.79,
1968Q2,5.2715689679433275,3.5666666666666664,4.626578440940982,,5.983333333333333,
1968Q3,1.4566105771506606,3.533333333333333,4.446152761366902,,5.946666666666666,
1968Q4,-0.33293880495480976,3.4,4.628482678542768,,5.916666666666667,
1969Q1,4.419189970996285,3.4,4.346960231337235,,6.566666666666666,
1969Q2,-0.41635830794737777,3.4333333333333336,4.75921416496502,,8.326666666666666,
1969Q3,0.9196409399667321,3.5666666666666664,4.588205513839445,,8.983333333333333,
1969Q4,-3.88961964990726,3.5666666666666664,4.669994502201642,,8.94,
1970Q1,-2.669789665586648,4.166666666666667,4.331631827061596,,8.573333333333332,
1970Q2,-1.566855599590149,4.766666666666667,4.501232021571351,,7.886666666666667,
1970Q3,1.3946603797135253,5.166666666666667,4.425255820078773,,6.706666666666667,
1970Q4,-6.643229678696315,5.833333333333333,5.578496584947389,,5.566666666666666,
1971Q1,8.48857463079542,5.933333333333334,5.035661311945447,,3.856666666666667,
1971Q2,-0.11944911753583386,5.900000000000001,4.537100187050795,,4.566666666666666,
1971Q3,1.064485672605881,6.033333333333334,3.752285460302312,,5.476666666666667,
1971Q4,-1.3282808409303535,5.933333333333334,2.2775599374066795,,4.75,
1972Q1,2.77121788319837,5.766666666666667,3.8180178235609117,,3.546666666666667,
1972Q2,6.874071958372258,5.7,2.6963875214680195,,4.3,
1972Q3,1.6384877171550478,5.566666666666666,2.9961334919198603,,4.743333333333333,
1972Q4,4.730668953512235,5.366666666666667,2.5035745600283725,,5.1466666666666665,
1973Q1,7.720485998985939,4.933333333333334,2.7779538257489853,,6.536666666666666,
1973Q2,2.2668623809501365,4.933333333333334,5.411164663720563,,7.816666666666666,
1973Q3,-4.171917189527669,4.8,5.28135095372436,,10.56,
1973Q4,1.7562703179926242,4.766666666666667,5.530740481251143,,9.996666666666666,
1974Q1,-5.501160357193283,5.133333333333333,6.808986595624559,,9.323333333333332,
1974Q2,-1.0856045447378369,5.2,9.818474198532035,,11.25,
1974Q3,-5.8010210043999315,5.633333333333333,11.27137791351896,,12.089999999999998,
1974Q4,-3.5583026494903343,6.6000000000000005,9.65630004205854,,9.346666666666666,
1975Q1,-6.837733965870063,8.266666666666666,7.738195580555353,,6.303333333333334,
1975Q2,0.9573434974012927,8.866666666666667,6.0505778341663135,,5.419999999999999,
1975Q3,4.514347433718169,8.466666666666667,5.955494217974085,,6.16,
1975Q4,3.384756650635217,8.299999999999999,6.464274263736672,,5.413333333333334,
1976Q1,6.988294047039238,7.733333333333333,6.032426857947734,,4.826666666666667,
1976Q2,1.1247004327448777,7.566666666666666,4.770711805008095,,5.196666666666666,
1976Q3,0.2547428349729274,7.733333333333333,6.2164693322383595,,5.283333333333333,
1976Q4,1.107049278806393,7.766666666666667,6.212742401458639,,4.873333333333334,
1977Q1,2.9687490207276515,7.5,6.675394113945762,,4.66,
1977Q2,5.818933935627128,7.133333333333333,6.065925820269839,,5.156666666666666,
1977Q3,5.193347783340575,6.8999999999999995,6.598440788451038,,5.82,
1977Q4,-1.7710891684463672,6.666666666666667,5.770983078681721,,6.513333333333333,
1978Q1,-0.43831386607507067,6.333333333333333,6.1921004856623485,,6.756666666666667,
1978Q2,13.438890984929413,6.0,6.841999194304546,,7.283333333333334,
1978Q3,2.175375787847068,6.033333333333334,6.804538330614703,6.2,8.1,
1978Q4,3.4740375779421915,5.8999999999999995,7.116228124748579,,9.583333333333334,
1979Q1,-1.075117604400599,5.866666666666667,5.427513311087843,,10.073333333333332,
1979Q2,-1.2575690653783143,5.7,8.699484528236402,6.75,10.18,
1979Q3,1.134443321040796,5.866666666666667,7.314445668756702,,10.946666666666667,
1979Q4,-1.0659509267985852,5.966666666666666,8.25733796283237,,13.576666666666666,
1980Q1,-0.4447278104298316,6.3,9.667844145593255,,15.046666666666667,
1980Q2,-9.89187065624726,7.333333333333333,8.84973551544837,,12.686666666666667,
1980Q3,-2.132802074798334,7.666666666666667,8.80779857171566,8.61,9.836666666666666,
1980Q4,6.006205728391209,7.3999999999999995,9.628003496354067,8.82,15.853333333333333,
1981Q1,6.376372903891644,7.433333333333334,8.777534218946737,8.28,16.569999999999997,
1981Q2,-4.29249123601068,7.3999999999999995,7.48835904649916,7.87,17.78,
1981Q3,3.4088228783584738,7.3999999999999995,7.299513913421407,7.62,17.576666666666664,
1981Q4,-5.735936511913111,8.233333333333334,7.052303944498238,7.73,13.586666666666666,
1982Q1,-7.446860351276443,8.833333333333334,5.812344362375465,7.16,14.226666666666667,
1982Q2,0.6025690238693835,9.433333333333334,5.374375857830051,6.76,14.513333333333334,
1982Q3,-2.6968307013467867,9.9,6.361383864739152,6.765,11.006666666666666,
1982Q4,-1.0538459172074082,10.666666666666666,5.531929899447311,6.6,9.286666666666667,
1983Q1,4.177147426795322,10.366666666666667,5.219113653750239,6.32,8.653333333333334,
1983Q2,7.958609417158321,10.133333333333333,3.048479208060454,6.58,8.803333333333335,
1983Q3,6.787236253274714,9.366666666666667,6.033862987523192,6.63,9.459999999999999,
1983Q4,7.111768098791596,8.533333333333333,3.1878591219401953,6.65,9.43,
1984Q1,6.081940993253641,7.866666666666667,4.0190825761813525,6.58,9.686666666666667,
1984Q2,5.836304409566292,7.433333333333334,4.655607256620142,6.505,10.556666666666667,
1984Q3,2.7715724954454233,7.433333333333334,3.737672202381127,6.05,11.39,
1984Q4,2.0551971187732487,7.3,2.8366089322613206,5.7,9.266666666666667,
1985Q1,2.977529558465371,7.233333333333333,5.419260638802827,5.36,8.476666666666667,
1985Q2,2.552246386662349,7.3,3.4538467046140964,5.475,7.923333333333333,
1985Q3,5.014524524078321,7.2,4.087088453303999,5.695,7.8999999999999995,
1985Q4,1.782267136502071,7.033333333333334,2.858672780418326,5.615,8.103333333333333,
1986Q1,1.7449687616044343,7.033333333333334,4.29560314567599,5.285,7.826666666666667,
1986Q2,0.6968470140540912,7.166666666666667,2.733235918400352,5.2533,6.919999999999999,
1986Q3,2.6677027920379266,6.966666666666666,2.7377874355571326,5.12,6.206666666666666,
1986Q4,0.9699523396867628,6.833333333333333,3.243996831121692,5.1067,6.266666666666667,
1987Q1,1.5561872572878046,6.599999999999999,2.5252849464416727,5.285,6.22,
1987Q2,3.1367198033302355,6.266666666666667,3.864788691427308,5.295,6.6499999999999995,
1987Q3,2.382838675720146,6.0,3.5671314143315556,5.48,6.843333333333334,
1987Q4,5.825041294480343,5.833333333333333,4.044818652597751,5.14,6.916666666666667,
1988Q1,0.9728488299649412,5.7,3.841219553960777,5.235,6.663333333333334,
1988Q2,4.305391642292669,5.466666666666666,4.8187959313532325,5.045,7.156666666666666,
1988Q3,1.359868011337218,5.466666666666666,4.580718562874769,4.92,7.983333333333333,
1988Q4,4.401880407769565,5.333333333333333,4.44418794536403,4.6667,8.47,
1989Q1,2.9252790697934765,5.2,4.341842394944903,4.69,9.443333333333333,
1989Q2,2.1690105721404076,5.233333333333333,3.6225124394088835,4.74,9.726666666666667,
1989Q3,2.041387621753831,5.233333333333333,2.9656736082418433,4.53,9.083333333333334,
1989Q4,-0.10216828943106612,5.366666666666667,3.6452533962400793,4.305,8.613333333333333,
1990Q1,1.1481140450402845,5.3,4.57985413320844,,8.25,
1990Q2,0.6084905840982878,5.333333333333333,4.443759314272285,4.27,8.243333333333332,
1990Q3,-0.6565624035073966,5.7,4.021930386061202,4.39,8.16,
1990Q4,-4.741927576902464,6.133333333333333,3.344574200966388,4.3,7.743333333333332,
1991Q1,-2.72917953378168,6.6000000000000005,3.534830618567993,4.315,6.426666666666667,
1991Q2,2.3002074601665976,6.833333333333333,3.071572823185329,4.34,5.863333333333333,
1991Q3,1.0405558720865091,6.866666666666667,3.5854223537917935,,5.6433333333333335,
1991Q4,0.28543895086434884,7.1000000000000005,3.1347841205434395,4.0,4.816666666666666,
1992Q1,3.876601394523428,7.366666666666667,3.0498152476295286,3.7,4.023333333333333,
1992Q2,3.4152274995601952,7.6000000000000005,2.8130785086869463,3.9,3.7699999999999996,
1992Q3,2.858851102670858,7.633333333333333,2.3625618204205137,3.75,3.2566666666666664,
1992Q4,2.926287877906617,7.366666666666667,2.9204035567992377,3.6,3.0366666666666666,
1993Q1,-0.34450476112459616,7.133333333333333,2.7487730323958006,3.5,3.0399999999999996,
1993Q2,1.3970470508729915,7.066666666666666,3.02479972368741,3.7,3.0,
1993Q3,0.8514389979181475,6.8,2.2300999718892967,3.45,3.06,
1993Q4,4.271569977417678,6.633333333333333,2.052030876427542,3.45,2.99,
1994Q1,2.914410880503944,6.566666666666666,1.8110351478738456,3.45,3.2133333333333334,
1994Q2,4.494550351125536,6.2,2.682512864398685,3.5,3.94,
1994Q3,1.2582822353074796,6.0,2.2270029244917873,3.5,4.486666666666667,
1994Q4,3.439970552224557,5.633333333333333,2.0271653585056884,3.5,5.166666666666667,
1995Q1,0.8475168575931141,5.466666666666666,2.0908024736975572,3.3,5.81,
1995Q2,0.35619921373872176,5.666666666666667,2.3679027430318946,3.35,6.02,
1995Q3,2.3583801061361864,5.666666666666667,1.902356229256723,3.2,5.796666666666667,
1995Q4,1.6127749278874999,5.566666666666666,2.000507652249963,3.0,5.72,
1996Q1,2.13451285962205,5.533333333333334,1.5696029305925272,3.0,5.363333333333333,
1996Q2,5.610218762091388,5.5,1.8974321429318743,3.0,5.243333333333333,
1996Q3,2.4346802100488736,5.266666666666667,1.8205074714018241,3.0,5.306666666666667,
1996Q4,2.923697007371196,5.333333333333333,2.270615264327008,3.0,5.28,
1997Q1,0.7147110500693004,5.233333333333333,1.5683318643308783,3.0,5.276666666666666,
1997Q2,5.738037765607776,5.0,2.0815893879534304,2.85,5.523333333333333,
1997Q3,3.9169123411134197,4.866666666666667,0.932821509719803,3.0,5.533333333333334,
1997Q4,2.2839977647811787,4.666666666666667,1.263824116147407,2.65,5.506666666666667,
1998Q1,3.094417529057021,4.633333333333333,1.1768382139329032,2.6,5.52,
1998Q2,2.6888942312920534,4.3999999999999995,1.2230453941256836,2.5,5.5,
1998Q3,3.878235565369703,4.533333333333333,1.4172889011300416,2.5,5.533333333333334,
1998Q4,5.190151712503784,4.433333333333334,1.2734727038455997,2.5,4.86,
1999Q1,2.23242865529522,4.3,1.001653981429493,2.3,4.733333333333333,
1999Q2,2.252157456493991,4.266666666666667,1.3861300951613456,2.5,4.746666666666667,
1999Q3,4.090271154128338,4.233333333333333,1.470006797665117,2.5,5.093333333333334,
1999Q4,5.325519481075424,4.066666666666666,1.8772174071938725,2.5,5.306666666666667,
2000Q1,-4.12097427307601,4.033333333333333,2.0906440296743054,2.5,5.676666666666667,
2000Q2,5.981364995970803,3.9333333333333336,1.3930722664508706,2.5,6.273333333333333,
2000Q3,-0.8657225475518149,4.0,1.92513121565334,2.5,6.52,
2000Q4,1.1773989858330292,3.9,1.9760215457679844,2.5,6.473333333333334,
2001Q1,-2.3247417104472414,4.233333333333333,2.592085264783903,2.5,5.593333333333334,
2001Q2,1.3062647414176245,4.3999999999999995,1.5094324456828208,2.5,4.326666666666667,
2001Q3,-2.881588959249823,4.833333333333333,1.0310590222881781,2.5,3.4966666666666666,
2001Q4,-0.18156615514792768,5.5,1.9256671894167035,2.55,2.1333333333333333,
2002Q1,2.310515408992628,5.7,1.2261250335935354,2.5,1.7333333333333334,
2002Q2,1.4482674829200242,5.833333333333333,2.1948426317724494,2.5,1.75,
2002Q3,0.40179946265745636,5.733333333333333,2.128052870338283,2.5,1.74,
2002Q4,-0.7438637752219542,5.866666666666667,1.4192658654463128,2.45,1.4433333333333334,
2003Q1,-0.7556001289922558,5.866666666666667,1.2322096829790545,2.5,1.25,
2003Q2,2.32082768296329,6.133333333333333,1.5133294061206441,2.5,1.2466666666666668,
2003Q3,5.261993091210026,6.133333333333333,1.8266957194657893,2.5,1.0166666666666666,
2003Q4,3.2407149844783643,5.833333333333333,1.788152697565363,2.5,0.9966666666666667,
2004Q1,2.11566898108924,5.7,2.1947699042638353,2.5,1.0033333333333332,
2004Q2,1.97886726027287,5.599999999999999,2.2791609796908965,2.5,1.01,
2004Q3,2.5107814738151895,5.433333333333334,1.429496886334946,2.5,1.4333333333333333,
2004Q4,2.74258641250303,5.433333333333334,2.16270286230572,2.5,1.95,
2005Q1,3.3094632125483185,5.3,2.836652790189005,2.45,2.47,
2005Q2,0.8367788473604915,5.1000000000000005,1.9765206556778627,2.5,2.9433333333333334,
2005Q3,1.7988299181614407,4.966666666666667,1.555417704855248,2.5,3.4599999999999995,
2005Q4,0.8514792972006188,4.966666666666667,2.664856890147153,2.5,3.98,
2006Q1,4.347471139303748,4.733333333333333,2.3096726271410133,2.5,4.456666666666667,
2006Q2,-0.13950563318413353,4.633333333333333,3.1738291117645216,2.5,4.906666666666667,
2006Q3,-0.6832635185997705,4.633333333333334,2.148835840515519,2.5,5.246666666666667,
2006Q4,2.151531657128555,4.433333333333334,1.7192872763966607,2.5,5.246666666666667,
2007Q1,-0.4364273878119525,4.5,2.74869935180137,2.35,5.256666666666667,
2007Q2,1.32752321057249,4.5,1.6613507142511124,2.4,5.25,
2007Q3,1.0414852697267067,4.666666666666667,1.9594839504094395,2.4,5.073333333333333,
2007Q4,1.255300174103171,4.8,2.7561479170153893,2.4,4.496666666666667,
2008Q1,-1.48741127442243,5.0,2.1124407643469527,2.5,3.1766666666666663,
2008Q2,1.3393657707128659,5.333333333333333,1.6767802651995278,2.5,2.0866666666666664,
2008Q3,-3.3049496680017247,6.0,2.036532051190052,2.5,1.9400000000000002,
2008Q4,-10.072581766699882,6.866666666666667,-0.3152040654704663,2.5,0.5066666666666667,
2009Q1,-4.714755738327184,8.266666666666667,-0.004548030039814107,2.4,0.18333333333333335,
2009Q2,-1.6450038639735056,9.299999999999999,1.5629895948607773,2.5,0.18000000000000002,
2009Q3,0.32727706321721883,9.633333333333333,1.4169872215186892,2.5,0.15666666666666665,
2009Q4,3.2074648414283895,9.933333333333334,2.484163244015645,2.2627,0.12,
2010Q1,1.4987635384673148,9.833333333333334,1.3660017269032485,2.39,0.13333333333333333,
2010Q2,2.9924533428832683,9.633333333333333,1.076075654229124,2.4,0.19333333333333336,
2010Q3,2.0672023808943623,9.466666666666667,0.6148751967291931,2.3,0.18666666666666668,
2010Q4,1.0754020362839256,9.5,1.2624289991201936,2.2,0.18666666666666668,
2011Q1,-1.185029123121784,9.033333333333333,1.7521907302608626,2.3,0.15666666666666668,
2011Q2,1.9203603205307636,9.066666666666666,2.332188290756367,2.4,0.09333333333333334,
2011Q3,-1.0158306935128834,9.0,1.821900618677633,2.4,0.08333333333333333,
2011Q4,3.5338572623132016,8.633333333333333,1.4231006705793543,2.5,0.07333333333333335,
2012Q1,0.019086516859298998,8.266666666666667,2.5165602770655378,2.3,0.10333333333333333,
2012Q2,0.9040219750674906,8.2,1.6507461498297824,2.48,0.15333333333333335,
2012Q3,-0.40375142022677823,8.033333333333333,1.154062264366486,2.35,0.14333333333333334,
2012Q4,-0.5300517648818549,7.8,1.7648328335620418,2.3,0.16,
2013Q1,2.8476886312902128,7.733333333333333,1.559545008095342,2.3,0.14333333333333334,
2013Q2,0.19653170012731094,7.533333333333334,1.1270571978373838,2.3,0.11666666666666665,
2013Q3,2.4180059869228008,7.233333333333333,1.5703049012880772,2.205,0.08333333333333333,
2013Q4,2.4918721728005138,6.933333333333334,1.7202449082452838,2.3,0.08666666666666667,
2014Q1,-2.2281742921365146,6.666666666666667,1.2618727644105427,2.3,0.07333333333333335,
2014Q2,4.262655750448582,6.2,1.7423798552175611,2.25,0.09333333333333334,
2014Q3,3.851869977935058,6.066666666666666,1.4999625873921758,2.2,0.09000000000000001,
2014Q4,1.0360913739889648,5.7,1.08282266197923,2.2,0.09999999999999999,
2015Q1,1.8887513143740302,5.533333333333334,0.6676664742286755,2.1,0.11,
2015Q2,1.573560597561986,5.433333333333334,1.7786890783949183,2.135,0.12333333333333334,
2015Q3,0.580691638768595,5.1000000000000005,1.2848963631857895,2.15,0.1366666666666667,
2015Q4,-0.2846919654487794,5.033333333333333,0.9959091954026474,2.15,0.16,
2016Q1,0.9799608781576624,4.8999999999999995,1.6720951998167704,2.12,0.36000000000000004,
2016Q2,0.3344268385218675,4.933333333333334,2.1878870669184804,2.2,0.37333333333333335,
2016Q3,1.7625278116388237,4.8999999999999995,1.7317363171024953,2.15,0.39666666666666667,
2016Q4,1.1420764890489061,4.766666666666667,1.3757026939754642,2.2161,0.45,
2017Q1,2.394109102447516,4.566666666666666,1.8524055397911732,2.3,0.7000000000000001,
2017Q2,1.4107453694353265,4.366666666666667,1.3352790660718787,2.3,0.9500000000000001,
2017Q3,2.2227394584746154,4.333333333333333,1.2070075560621203,2.25,1.1533333333333333,
2017Q4,3.568174771374786,4.166666666666667,1.7752058794532937,2.2,1.2033333333333334,
2018Q1,1.6874109766835872,4.033333333333333,2.5374757999354807,2.25,1.4466666666666665,
2018Q2,1.3105196978550733,3.9333333333333336,2.141649255033196,2.3,1.7366666666666666,
2018Q3,1.5399114893275088,3.766666666666667,1.2729760319038659,2.2,1.9233333333333331,
2018Q4,-0.41995049783819943,3.8333333333333335,1.8635476233539636,2.21,2.22,
2019Q1,2.9753022268373233,3.8666666666666667,1.6011751205105045,2.2,2.4033333333333333,
2019Q2,2.593091893936485,3.6333333333333333,1.6863567581217491,2.2,2.3966666666666665,
2019Q3,3.7761204588079953,3.6,1.4827607624205297,2.2,2.19,
2019Q4,1.8193493404277938,3.6,1.4030377167228012,2.2,1.6433333333333333,
2020Q1,-4.705995547687429,3.8333333333333335,1.798525125158381,2.2,1.26,
2020Q2,-33.46332321631144,13.0,-0.752659245209939,2.135,0.06,
2020Q3,29.12134612121599,8.799999999999999,2.964154456451131,2.03,0.09333333333333334,
2020Q4,3.707488698711478,6.766666666666667,1.7932429441037057,2.12,0.09000000000000001,
2021Q1,5.783737248762991,6.233333333333333,3.4011855199124854,2.2,0.08,
2021Q2,6.301364484230357,5.933333333333334,5.646275668095427,2.3,0.07,
2021Q3,2.6771708512373893,5.066666666666666,4.718863743198378,2.4367,0.09000000000000001,
2021Q4,6.17995193922331,4.166666666666667,5.169614291442868,2.55,0.08,
2022Q1,-2.998617813917353,3.8666666666666667,5.95112913083901,2.4981,0.12,
2022Q2,0.06758570209294737,3.6333333333333333,4.74764834727254,2.8,0.77,
2022Q3,2.1300785346271156,3.533333333333333,5.013761321552019,2.8,2.19,
2022Q4,1.9775132232546004,3.5666666666666664,4.605256315895888,2.95,3.653333333333333,
2023Q1,0.7453505171605592,3.533333333333333,4.610510440361316,2.37,4.516666666666667,
2023Q2,1.744786079707823,3.533333333333333,3.891129430600593,2.3555,4.989999999999999,
2023Q3,3.698347431092187,3.6333333333333333,2.3402391913566354,2.4,5.260000000000001,
2023Q4,2.4589368007647714,3.8000000000000003,2.114063018713469,2.4,5.33,
2024Q1,0.9979094710881443,3.8333333333333335,3.9186505670669947,2.24,5.33,
2024Q2,2.7218209963907705,3.9666666666666663,2.8421418063750226,2.325,5.33,
2024Q3,2.3780087498104048,4.166666666666667,2.3244359851288294,2.3,5.263333333333333,
2024Q4,0.9386705133589206,4.133333333333333,2.6810800379859114,2.225,4.6499999999999995,
2025Q1,-5.648984544526045,4.133333333333334,3.222554843516833,2.3,4.33,
2025Q2,2.9792576770799863,4.2,2.566687700768396,2.3492,4.33,
2025Q3,3.3835731888546103,4.333333333333333,2.8356142624131495,2.305,4.293333333333333,
2025Q4,-0.5693399820200112,4.45,2.6222861571262026,2.38,3.8966666666666665,
2026Q1,2.006274576430054,4.333333333333333,4.326772171302333,2.3,3.64,
2026Q2,1.0483827437390574,4.266666666666667,3.508211824269675,2.4,3.6333333333333333,
