date,prob_full5_h4,prob_fin2_h4,magnitude_full5_h4,threshold_h4,prob_full5_h12,prob_fin2_h12,magnitude_full5_h12,threshold_h12
1965Q1,0.03311113440058366,0.04234123499866041,-0.24773083961025777,0.473333333333334,0.2938625539774128,0.38902048686212876,1.702263260535036,1.8866666666666678
1965Q2,0.04092042293479722,0.0499329232968484,-0.13895458075627554,0.473333333333334,0.34674848508484757,0.40127033512015964,1.8568830065651598,1.8866666666666678
1965Q3,0.04050477400897076,0.04917585855168638,-0.11976246403656476,0.473333333333334,0.38110175544839064,0.39061270918878854,1.9212408387930577,1.8866666666666678
1965Q4,0.027063700818953325,0.03398223295297021,-0.24813123462546682,0.473333333333334,0.4007316818662796,0.38742957187572774,1.922548379720491,1.8866666666666678
1966Q1,0.03140861173991596,0.03382364179971574,-0.14726978633790394,0.473333333333334,0.5203872325074088,0.4150177610451967,2.2269927618488428,1.8866666666666678
1966Q2,0.07703703138202843,0.07792884013593651,0.19144633266865196,0.473333333333334,0.5671943015222696,0.4312849148391935,2.40844857207065,1.8866666666666678
1966Q3,0.09247515959708984,0.09382029820838446,0.2939557314308915,0.473333333333334,0.5808131048587082,0.45167346099353034,2.4703583990352405,1.8866666666666678
1966Q4,0.2050315715690018,0.2093098561167632,0.6562354136465258,0.473333333333334,0.5726043038913979,0.447338435325139,2.5226884536019405,1.8866666666666678
1967Q1,0.158170095408147,0.17836877183543948,0.5271345955515117,0.473333333333334,0.44473954583296726,0.37513418606507987,2.177197068223087,1.8866666666666678
1967Q2,0.03646470432246765,0.042087760718086155,0.05045374551431525,0.473333333333334,0.30497790333722324,0.23966532211535502,1.6977802637859025,1.8866666666666678
1967Q3,0.018133265932947104,0.01945884881716147,-0.11995585745735138,0.473333333333334,0.270779205252623,0.1877776802356333,1.558229049948823,1.8866666666666678
1967Q4,0.017383252597104864,0.016656428634846565,-0.11374861040733064,0.473333333333334,0.2850527880306237,0.17642262691969696,1.6102917913102508,1.8866666666666678
1968Q1,0.049450165651479444,0.04610136853573838,0.28794411297140954,0.473333333333334,0.37478190239690873,0.23522876700850678,1.9494192703211468,1.8866666666666678
1968Q2,0.1831808693866705,0.17505095281601868,0.7442851997550457,0.473333333333334,0.5353963345441004,0.377167134859683,2.449755714497701,1.8866666666666678
1968Q3,0.26062973999745376,0.2580159900069647,0.8910375482953277,0.473333333333334,0.5436397445063452,0.40112005514848426,2.5000003636820063,1.8866666666666678
1968Q4,0.16614677625117769,0.15378581112891065,0.7607703447263761,0.473333333333334,0.5522099880020147,0.3654341396880793,2.487796902740155,1.8866666666666678
1969Q1,0.17971607565804626,0.18816580335767064,0.7511372336090609,0.473333333333334,0.5304032584712289,0.41102497324827575,2.439045109882496,1.8866666666666678
1969Q2,0.6137552006839194,0.6617054995648993,1.282724572715459,0.473333333333334,0.6891611646324176,0.664053661563369,2.9881821655756315,1.8866666666666678
1969Q3,0.5988501664358511,0.6538161457963747,1.2530268815820222,0.473333333333334,0.6910737951313592,0.7055803653979753,3.014923932609646,1.8866666666666678
1969Q4,0.4810343022244905,0.5053741192930935,1.1515164597704919,0.473333333333334,0.6766426067677455,0.6323333357563844,2.9451125942260603,1.8866666666666678
1970Q1,0.45567549766266546,0.46869227327669316,1.1793145590490166,0.473333333333334,0.5008102965261829,0.5218497515388395,2.553846751609253,1.8866666666666678
1970Q2,0.1576595422909497,0.15963647426260108,0.732831431864271,0.473333333333334,0.28976391179279615,0.36877084607856336,1.9629740904140538,1.8866666666666678
1970Q3,0.1445851304280166,0.12532675038855814,0.7899029441982963,0.473333333333334,0.16000133479937498,0.18036068363949717,1.505830779142606,1.8866666666666678
1970Q4,0.15359530954115477,0.11938011172114289,0.8884448052938307,0.473333333333334,0.08301060300387249,0.10750520798842668,1.1197925832828404,1.8866666666666678
1971Q1,0.06421468654213812,0.04624506535587721,0.6280961684597468,0.473333333333334,0.05040878560273182,0.06025108563814266,0.732210627032275,1.8866666666666678
1971Q2,0.08809707760233836,0.06891371356939581,0.689382412056639,0.473333333333334,0.06320322405167646,0.0873438625766175,0.9006186053844227,1.8866666666666678
1971Q3,0.14766382559166347,0.12926976977082089,0.8033300916108284,0.473333333333334,0.0762332512917286,0.13900164311799162,1.0747386402477166,1.8866666666666678
1971Q4,0.14210729879452777,0.1586735619959787,0.7376703993061655,0.473333333333334,0.04349047494155184,0.11200586506883049,0.6666673972092809,1.8866666666666678
1972Q1,0.02523599691972151,0.020117534034284255,0.2589796795016248,0.473333333333334,0.04502951929215337,0.057183844667259905,0.5624366982178333,1.8866666666666678
1972Q2,0.04130373524240905,0.03909218969697875,0.2913874962517179,0.473333333333334,0.057990710317690236,0.09028569922050152,0.7224049015543583,1.8866666666666678
1972Q3,0.045866271615660634,0.04374946101737267,0.27985603129403613,0.473333333333334,0.08134260166816798,0.11837931755126736,0.9338451965875727,1.8866666666666678
1972Q4,0.04856961816279738,0.04659851003411054,0.28324358719816956,0.473333333333334,0.11696062312756601,0.1599234565417375,1.1773365498798942,1.8866666666666678
1973Q1,0.14562570003755287,0.13699399532937992,0.5902644748310928,0.473333333333334,0.2992553266964,0.32083980738800283,1.9313124312668837,1.8866666666666678
1973Q2,0.4257091918987843,0.37143804571956773,1.1300092199712242,0.473333333333334,0.49479455400786737,0.5024236267815398,2.5963724253751947,1.8866666666666678
1973Q3,0.9387500072569707,0.9259862893412958,2.0219057303341095,0.473333333333334,0.8055022096168248,0.8306285698926408,3.6955782464671447,1.8866666666666678
1973Q4,0.9692712715644006,0.9507748292137355,2.4492827014335314,0.473333333333334,0.825230582736312,0.7852460127292301,3.8740486995235583,1.8866666666666678
1974Q1,0.9223903689209247,0.8042708043468397,2.4109190825809055,0.473333333333334,0.8313911417053224,0.678376200607165,3.9617942635505825,1.8866666666666678
1974Q2,0.9886927506679754,0.9660449436988324,3.0405746139834715,0.473333333333334,0.9214374127657788,0.8443747974105942,4.662992692501593,1.8866666666666678
1974Q3,0.9963225766720752,0.9872431125535569,3.4837687483741977,0.473333333333334,0.9202235036687864,0.858406425540511,4.8032835609104785,1.8866666666666678
1974Q4,0.9848323165660383,0.9282703525485241,3.3388205745240653,0.473333333333334,0.6001295116927914,0.40534408813546025,3.5761283299635047,1.8866666666666678
1975Q1,0.6164655879399155,0.26946220727335607,2.21338698214604,0.473333333333334,0.06087211423971827,0.0803018178174558,1.5385771338083196,1.8866666666666678
1975Q2,0.07474212997013115,0.02779215479820452,1.1046416772519378,0.473333333333334,0.012268211089112137,0.043274896218255074,0.33579483641000873,1.8866666666666678
1975Q3,0.0693362719144794,0.03537089920637549,0.9243375345184495,0.473333333333334,0.014776520860328945,0.06826367096923794,0.3735564070790467,1.8866666666666678
1975Q4,0.04234978349553768,0.024895825438555917,0.7175299784635158,0.473333333333334,0.008965904437717415,0.044091600004608995,-0.02643252253016115,1.8866666666666678
1976Q1,0.02335794216694762,0.017110389303323405,0.4642689703447478,0.473333333333334,0.007732760125883913,0.03716854678091461,-0.24389123299555227,1.8866666666666678
1976Q2,0.017010226730790737,0.016152547622778703,0.2546782466919536,0.473333333333334,0.008078438185977602,0.056098431351554616,-0.2637822334917779,1.8866666666666678
1976Q3,0.012396297512532288,0.013962736609932032,0.07026700345961645,0.473333333333334,0.006632387993892276,0.06819696525609494,-0.40192620066402807,1.8866666666666678
1976Q4,0.016823257942802195,0.01977277439723578,0.15501314585875303,0.473333333333334,0.006240799041747334,0.06932384961112018,-0.4231666772357836,1.8866666666666678
1977Q1,0.008942812821262991,0.008413361272482475,0.05964284876153669,0.473333333333334,0.008910537645749329,0.062468957066590135,-0.23137041196574426,1.8866666666666678
1977Q2,0.017034028330202008,0.013254953241274793,0.3421829074883559,0.473333333333334,0.02026530064895776,0.08932898019971183,0.32606029135397563,1.8866666666666678
1977Q3,0.030426839677010334,0.02588602801036186,0.4695241347489789,0.473333333333334,0.03255904072813047,0.14309759493175028,0.6387043928725824,1.8866666666666678
1977Q4,0.04539489585463451,0.039032948507805205,0.5464624190647076,0.473333333333334,0.05278980756118079,0.19452059185977402,0.9413156149047863,1.8866666666666678
1978Q1,0.030031885694920983,0.02541733014082799,0.4042089546332226,0.473333333333334,0.06469110814856043,0.18978965456979668,1.0081127115597115,1.8866666666666678
1978Q2,0.03920320825198905,0.031949561787784464,0.5258703491098535,0.473333333333334,0.09268480435354863,0.21628047167241932,1.2496893231057802,1.8866666666666678
1978Q3,0.06912016112383333,0.060074585884328145,0.6803782784128025,0.473333333333334,0.1216409891661234,0.313802338569358,1.4904723331949115,1.8866666666666678
1978Q4,0.23505926092082657,0.21600484338074954,1.0962055282751835,0.473333333333334,0.21943083555341078,0.5027831371723194,2.0211528660544285,1.8866666666666678
1979Q1,0.3332775078689816,0.2876093681871968,1.275080126532676,0.473333333333334,0.27167883470662246,0.525913138925914,2.2294699835263283,1.8866666666666678
1979Q2,0.5235795044708897,0.3868736606265658,1.6333328284006812,0.473333333333334,0.41079829610112456,0.5127577141405399,2.668874902255755,1.8866666666666678
1979Q3,0.7875596518227391,0.6403926749282685,2.044301153210121,0.473333333333334,0.5680582423574339,0.6376202859575315,3.178582110203919,1.8866666666666678
1979Q4,0.9584689278247979,0.91549968133253,2.590324987605992,0.473333333333334,0.7282314795686148,0.799570288415111,3.758173235620842,1.8866666666666678
1980Q1,0.974208839084291,0.9212316487715302,2.894015349421204,0.473333333333334,0.787638671105447,0.7812057262759345,4.0666204633614695,1.8866666666666678
1980Q2,0.9878246497641976,0.9621715082468557,3.242359456556384,0.473333333333334,0.38755138888221113,0.49592158578968437,3.104464114751731,1.8866666666666678
1980Q3,0.37117617619611487,0.11288919838920922,1.8679395095434357,0.473333333333334,0.13889388578700143,0.13082576835142157,1.9981718027712843,1.8866666666666678
1980Q4,0.9928468288095542,0.9816173322237028,3.246943060571903,0.473333333333334,0.5473434200378842,0.7555565475860296,3.541924806862435,1.8866666666666678
1981Q1,0.99312050103933,0.9862085193881445,3.1911933181828536,0.473333333333334,0.46147073788085247,0.7734700340960874,3.321321732383187,1.8866666666666678
1981Q2,0.991973440856178,0.9885539065524765,2.9874456212012337,0.473333333333334,0.42807728124250644,0.8385387760843689,3.1946906181313217,1.8866666666666678
1981Q3,0.9213164289615838,0.901248979278851,2.2241630309158484,0.473333333333334,0.25307704350990934,0.7273185260766324,2.539340809259747,1.8866666666666678
1981Q4,0.40772119342876734,0.32649297652730586,1.516131258667062,0.473333333333334,0.0220712720456082,0.15700429384088707,0.7360323289020072,1.8866666666666678
1982Q1,0.49320760659091123,0.5108215906503029,1.4126036365382668,0.473333333333334,0.010488168718824192,0.1876264113906635,0.28735580362567115,1.8866666666666678
1982Q2,0.6537310661574728,0.7409073435632241,1.4629805312213384,0.473333333333334,0.006103446523611857,0.2519655583913762,0.017522276650328017,1.8866666666666678
1982Q3,0.1010616992184112,0.10792109326688613,0.7859071737377477,0.473333333333334,0.0013546775481128631,0.04582823450337671,-1.0411865025815046,1.8866666666666678
1982Q4,0.34953805501112456,0.4152066380203325,1.1874711667539342,0.473333333333334,0.0007622015120640265,0.054443183017650096,-1.2514929822966216,1.8866666666666678
1983Q1,0.12676935192083458,0.15956203027837143,0.7360528520346263,0.473333333333334,0.0008589816741328607,0.048647624475978916,-1.3059835113471294,1.8866666666666678
1983Q2,0.07014304733729937,0.0990140619627077,0.4686248777428106,0.473333333333334,0.0011530404095341335,0.07130496928615007,-1.182531713744054,1.8866666666666678
1983Q3,0.01393552285249836,0.020342271360850626,-0.09758475672964984,0.473333333333334,0.002022122813773371,0.08071010870904803,-1.0186037862528026,1.8866666666666678
1983Q4,0.012824152550301365,0.018600713261597582,-0.13633102241753137,0.473333333333334,0.0034433109765429227,0.0756272136526015,-0.8010660102404499,1.8866666666666678
1984Q1,0.01211932212527127,0.015828581119593583,-0.10540324020026981,0.473333333333334,0.006455545060344876,0.08010486028714224,-0.46885208240281084,1.8866666666666678
1984Q2,0.006183978849010274,0.006367103090398754,-0.2835835474108046,0.473333333333334,0.01169716650107271,0.07286627173101248,-0.18496023876303225,1.8866666666666678
1984Q3,0.03431198597308059,0.045545208354251965,0.13347057685677355,0.473333333333334,0.01417130703751493,0.12542686491054966,0.010257773867364595,1.8866666666666678
1984Q4,0.01220645569706716,0.012953644301752712,-0.1140388178731141,0.473333333333334,0.012548753606315398,0.06780442246133278,-0.1484573048927853,1.8866666666666678
1985Q1,0.006818891652500647,0.005288960177157783,-0.2304712717874351,0.473333333333334,0.015963955047467487,0.04678172129507075,-0.04320531140766448,1.8866666666666678
1985Q2,0.01653317054294797,0.012027946734698916,0.05054617959168317,0.473333333333334,0.01739719860978408,0.04412097689418582,0.05549801399568244,1.8866666666666678
1985Q3,0.029730047529970258,0.019624606378706604,0.20942646527236464,0.473333333333334,0.030889971720268476,0.06096681091801615,0.4384832705099262,1.8866666666666678
1985Q4,0.10114882683461775,0.05902980988324623,0.5902175163479415,0.473333333333334,0.07102917347122197,0.09479857154463119,1.0326157588985945,1.8866666666666678
1986Q1,0.29688636754197245,0.22894074633197123,0.8943236347343113,0.473333333333334,0.080227664605602,0.14636431597807928,1.1688467046104747,1.8866666666666678
1986Q2,0.3334083263936353,0.296206797451489,0.8421141748273011,0.473333333333334,0.058283796110560476,0.1368897129637298,0.9331983096081682,1.8866666666666678
1986Q3,0.3026424898298995,0.24296845567116004,0.827887513478132,0.473333333333334,0.06131565857075598,0.09747469367901537,0.919610334907889,1.8866666666666678
1986Q4,0.3413893872184473,0.25739593698956953,0.8708262881355491,0.473333333333334,0.08703289626977499,0.10583583030083771,1.140464595859624,1.8866666666666678
1987Q1,0.25887528648332486,0.17858567750509197,0.7537016724685666,0.473333333333334,0.12617730396786414,0.12680141133772752,1.362741911203916,1.8866666666666678
1987Q2,0.09973658386747329,0.04329578234706402,0.5621204769546726,0.473333333333334,0.20341237277879265,0.101997714070835,1.6642859518982083,1.8866666666666678
1987Q3,0.08249428832829911,0.02872489516972171,0.5906513476998332,0.473333333333334,0.2539400271525113,0.08232430720739986,1.8202713456797084,1.8866666666666678
1987Q4,0.10057612694798013,0.031093053260875296,0.7331980624465826,0.473333333333334,0.2765944747058183,0.06630567940945166,1.8980164668051702,1.8866666666666678
1988Q1,0.17812980404833081,0.061105657733459905,0.8996087476262475,0.473333333333334,0.3368873421840113,0.08444720336120425,2.089688299782895,1.8866666666666678
1988Q2,0.13216269719732435,0.043231382958525126,0.7914209662259597,0.473333333333334,0.39704127810101547,0.0957999941035312,2.214732904404887,1.8866666666666678
1988Q3,0.22754101007733735,0.08394074936311356,0.9752381910433812,0.473333333333334,0.47647253205054085,0.1456760686374459,2.4689833402906,1.8866666666666678
1988Q4,0.24579563149946154,0.10625211697244301,0.9413388716430515,0.473333333333334,0.5618376346624747,0.2439429480749542,2.687172552672017,1.8866666666666678
1989Q1,0.39057090129763694,0.20746695348404695,1.1331583985514833,0.473333333333334,0.641778611868251,0.35772463754435857,2.9429101915693683,1.8866666666666678
1989Q2,0.643515278990641,0.45484244874471164,1.4415812868519402,0.473333333333334,0.6660897445267574,0.45323879879851725,3.0886522258080102,1.8866666666666678
1989Q3,0.6497678057683749,0.5262417210865183,1.3788006783925222,0.473333333333334,0.5567364634215837,0.433146713099945,2.777623625255181,1.8866666666666678
1989Q4,0.5589343933256288,0.48062363686997556,1.2502262087648124,0.473333333333334,0.39311054416744784,0.3739373667228783,2.355710693166028,1.8866666666666678
1990Q1,0.2584351181519361,0.1740907494884671,0.9341165075692113,0.473333333333334,0.364526306168339,0.2724236330266773,2.2127763234807265,1.8866666666666678
1990Q2,0.15988989497111114,0.12407508947720976,0.6987882547133155,0.473333333333334,0.2568756090212359,0.24316957209745427,1.8525636913531542,1.8866666666666678
1990Q3,0.15217764160271385,0.12026379759323531,0.7602001793733026,0.473333333333334,0.17539692765144527,0.22261361005356198,1.6259172975956084,1.8866666666666678
1990Q4,0.22157534041867674,0.187093370124278,0.9985022320163675,0.473333333333334,0.09151521456886672,0.17122001851694676,1.2664436994926465,1.8866666666666678
1991Q1,0.061965313010833786,0.06168557889710486,0.47308874116519384,0.473333333333334,0.030722981434964117,0.10008846204002984,0.4721214741608355,1.8866666666666678
1991Q2,0.013201824524475424,0.015415455076667963,-0.07083588407970065,0.473333333333334,0.015840388699884897,0.07999535060512009,-0.02700210330311048,1.8866666666666678
1991Q3,0.009081105305320683,0.01392214979570694,-0.2729589318607637,0.473333333333334,0.010071514010916926,0.08030516151223296,-0.35151940449443186,1.8866666666666678
1991Q4,0.008228359279900056,0.015616938150755731,-0.34801770658535514,0.473333333333334,0.004767545383155124,0.059786278689439774,-0.82496978054531,1.8866666666666678
1992Q1,0.0024653664176110517,0.004762642480045259,-0.6855382715972432,0.473333333333334,0.0025350551792984797,0.04004018568399273,-1.250914215846561,1.8866666666666678
1992Q2,0.0011754175889599203,0.002538836740100669,-0.9065332042634798,0.473333333333334,0.0014934354125762,0.03492007488453032,-1.585355301687362,1.8866666666666678
1992Q3,0.0023251445923129404,0.005528950912972751,-0.6915410511451399,0.473333333333334,0.0012446904790465927,0.03463913727837659,-1.65511517098924,1.8866666666666678
1992Q4,0.0014944992790631312,0.003704559535987891,-0.7968150977474486,0.473333333333334,0.001068086511942574,0.02711817047235078,-1.8000007618626377,1.8866666666666678
1993Q1,0.002522086262676835,0.0068010973389152395,-0.6649266329475402,0.473333333333334,0.0014291658883949581,0.03674356935118136,-1.612381705280293,1.8866666666666678
1993Q2,0.0034601258873960985,0.009778047584575945,-0.5799431752606355,0.473333333333334,0.0015776548437754086,0.04257047173418357,-1.5379589051870726,1.8866666666666678
1993Q3,0.004779065174356857,0.014165629256415768,-0.5378158200070302,0.473333333333334,0.0024601664710389493,0.06014877639557609,-1.2814066713307257,1.8866666666666678
1993Q4,0.004000760778343546,0.012082180583799918,-0.6034689014854131,0.473333333333334,0.002652192349054516,0.05964636470465402,-1.267539184478394,1.8866666666666678
1994Q1,0.0022181209205854482,0.007076183932527646,-0.8136784899722678,0.473333333333334,0.0023867062047052672,0.05575584848888668,-1.384021366534741,1.8866666666666678
1994Q2,0.0011005450712383083,0.003364470582813645,-1.0336040957955501,0.473333333333334,0.0030792812935082846,0.05291732082431622,-1.3095878996873132,1.8866666666666678
1994Q3,0.0017249068812670728,0.004921787797753992,-0.8709254105153449,0.473333333333334,0.004627119492319215,0.06399194514510069,-1.038049736828269,1.8866666666666678
1994Q4,0.001873799839197024,0.0051516967036034185,-0.8667126894196925,0.473333333333334,0.0075332732811195955,0.07629927637010975,-0.7744416401223737,1.8866666666666678
1995Q1,0.006833265891964125,0.01950364154825215,-0.5096747150794593,0.473333333333334,0.014156374390856635,0.137101494325718,-0.3160806372127012,1.8866666666666678
1995Q2,0.03351345158686721,0.09961831878632073,-0.06990639164987034,0.473333333333334,0.018906202051643957,0.22506291395996583,-0.020371382856688047,1.8866666666666678
1995Q3,0.04382729263147561,0.1250823748185451,-0.013018426829426888,0.473333333333334,0.020679092537114988,0.22304281265173442,0.03274513456808048,1.8866666666666678
1995Q4,0.07383481203562121,0.18899377089158378,0.13938475948448292,0.473333333333334,0.031056303516611622,0.26493403718145386,0.30689357958028385,1.8866666666666678
1996Q1,0.05881925357589906,0.1328792569300534,0.1109268065603437,0.473333333333334,0.03360263937759595,0.21453926574987392,0.33771017677858506,1.8866666666666678
1996Q2,0.016907876781858195,0.03206712874610093,-0.22423409102344938,0.473333333333334,0.03220370490844873,0.14143774534412412,0.23164290928464748,1.8866666666666678
1996Q3,0.017219054799779844,0.029609597664399825,-0.20920837724132146,0.473333333333334,0.04578481850436363,0.1457600357610867,0.4328504307279122,1.8866666666666678
1996Q4,0.03341572611417241,0.053808852279466614,0.007711309226427265,0.473333333333334,0.0593990423749256,0.17867490810326192,0.6583584959467899,1.8866666666666678
1997Q1,0.024565105793629145,0.03723196486809565,-0.08818205548900915,0.473333333333334,0.06491067640694699,0.16246542775938363,0.6800716204434898,1.8866666666666678
1997Q2,0.02637969943312507,0.04204554969481786,-0.11752811088109127,0.473333333333334,0.07740178647711163,0.17428325075210055,0.7559040632007616,1.8866666666666678
1997Q3,0.04706175819886242,0.07703590033248332,0.023397174492434614,0.473333333333334,0.10370433674898395,0.2213257046678061,0.9665920474265874,1.8866666666666678
1997Q4,0.0653150344490158,0.11386574649265772,0.07224435444676991,0.473333333333334,0.1255684584803827,0.25742720819992476,1.081459168704153,1.8866666666666678
1998Q1,0.10761669473359015,0.19381410198659685,0.1778551607786616,0.473333333333334,0.1363418773527317,0.2874936650046937,1.1447058493809266,1.8866666666666678
1998Q2,0.11768013927766272,0.18563191765248746,0.21757079244954847,0.473333333333334,0.19653353498428933,0.2844599394624932,1.3877686249301118,1.8866666666666678
1998Q3,0.2596451836039612,0.36556575941349756,0.5148710495648152,0.473333333333334,0.22191610863155645,0.31521943615755826,1.5504349922802438,1.8866666666666678
1998Q4,0.44691823750338716,0.5405884451896721,0.8459778416833497,0.473333333333334,0.2105432609879625,0.22956728794069622,1.5388038427158905,1.8866666666666678
1999Q1,0.30576807742536616,0.3460911476660106,0.708901192920965,0.473333333333334,0.2461424232263413,0.1943904070252879,1.6206725689227115,1.8866666666666678
1999Q2,0.15519277440839388,0.1606274999867392,0.5078017049702979,0.473333333333334,0.24082198271226388,0.15834470783311272,1.5682054679701505,1.8866666666666678
1999Q3,0.17931645833001364,0.16432874948308504,0.5989795249793035,0.473333333333334,0.2915254387165205,0.15748898991887977,1.7435752798351698,1.8866666666666678
1999Q4,0.16234934601259332,0.13668110751959725,0.6050246284328282,0.473333333333334,0.3473866257229469,0.16173754001363527,1.8957243472115006,1.8866666666666678
2000Q1,0.14463298868177624,0.10473599334571505,0.6189432123518932,0.473333333333334,0.4351914451842747,0.18311993454803666,2.142316681650384,1.8866666666666678
2000Q2,0.5305113262052356,0.454172485347896,1.1886674124399441,0.473333333333334,0.5118344415441544,0.23357220271514437,2.425390432703359,1.8866666666666678
2000Q3,0.6887280945563246,0.6291429740666467,1.3688714708632927,0.473333333333334,0.5639770094481965,0.3017161490790773,2.6055832205393177,1.8866666666666678
2000Q4,0.8166469035940345,0.7682930259102011,1.5870911303341706,0.473333333333334,0.616262235455166,0.3172771147278753,2.7648142597802234,1.8866666666666678
2001Q1,0.7787320773071807,0.7252374227524062,1.534003818193173,0.473333333333334,0.48678040518492766,0.24889752178592106,2.4556611920745133,1.8866666666666678
2001Q2,0.37211988199169754,0.25428220450049077,1.0810635857752064,0.473333333333334,0.3557065771888368,0.112502936080578,2.0289175445109073,1.8866666666666678
2001Q3,0.26885090712454,0.18100756258028894,0.9000008096825425,0.473333333333334,0.2150062599510938,0.07363744486704835,1.5794972380532428,1.8866666666666678
2001Q4,0.0916631704589318,0.058465340542686706,0.5059101443196399,0.473333333333334,0.07532511643736907,0.032344904081733225,0.7952428999321528,1.8866666666666678
2002Q1,0.02405628829747224,0.01655009438307072,0.01632503610511704,0.473333333333334,0.043262220053113885,0.023459256124568364,0.3457914623262486,1.8866666666666678
2002Q2,0.024842009002730446,0.01739255059710708,0.05723601627882435,0.473333333333334,0.036302653865202664,0.022849024422536696,0.26455575535701215,1.8866666666666678
2002Q3,0.12656407857160412,0.08839740710196961,0.6408600760427858,0.473333333333334,0.05415334962342997,0.031330916550454335,0.6356603297753707,1.8866666666666678
2002Q4,0.17221988031513524,0.11102391640695235,0.8265902168401627,0.473333333333334,0.050918663027663236,0.027169686021018567,0.6495958782178035,1.8866666666666678
2003Q1,0.10273572833754084,0.059571262616019,0.6826147013541788,0.473333333333334,0.059527996645605714,0.03091951464951983,0.7477214851409428,1.8866666666666678
2003Q2,0.08069280751870717,0.05507339609445092,0.4550520867677905,0.473333333333334,0.055480293437502964,0.044513035248121294,0.6818655975723051,1.8866666666666678
2003Q3,0.020267696693217173,0.012902794402879305,0.057257071502155754,0.473333333333334,0.03927949085913909,0.029751625725829157,0.3844013131518924,1.8866666666666678
2003Q4,0.014052997429300043,0.008985571185348729,-0.057306852662047936,0.473333333333334,0.04777157511152489,0.03132645801006487,0.46231336214179874,1.8866666666666678
2004Q1,0.015940564982095538,0.010862188511399244,-0.044356333813870275,0.473333333333334,0.05724480488346641,0.039748205637781336,0.5768501176785823,1.8866666666666678
2004Q2,0.007188937645068471,0.003960786769645486,-0.1920657394849865,0.473333333333334,0.06182922786271016,0.030202999630692076,0.5982816056592366,1.8866666666666678
2004Q3,0.018679009289160033,0.011383316920297546,0.04884077265364051,0.473333333333334,0.08800387190238011,0.04603882753010024,0.8648004890521337,1.8866666666666678
2004Q4,0.03794761939225278,0.022007400466516343,0.26416465335272965,0.473333333333334,0.14177063564938164,0.07381374070972516,1.2554416763024854,1.8866666666666678
2005Q1,0.036905931203994796,0.02317999471017072,0.17626612665772134,0.473333333333334,0.19154693984331445,0.11047568223566594,1.4549843504062985,1.8866666666666678
2005Q2,0.0859226294287722,0.060612044499815235,0.42438170047005763,0.473333333333334,0.23726063705164097,0.14771862191265223,1.6548287604519598,1.8866666666666678
2005Q3,0.1441290392652429,0.10030932623633108,0.6450114229019137,0.473333333333334,0.3136274651013241,0.19487975249361836,1.9440277092486498,1.8866666666666678
2005Q4,0.20073218349974725,0.14634705410544502,0.7515349526121369,0.473333333333334,0.33028169042302385,0.21458215862918528,2.011060038359501,1.8866666666666678
2006Q1,0.26870427004901143,0.19922439517397997,0.8345714977612004,0.473333333333334,0.44298096959724487,0.27385101560961006,2.3001372916591696,1.8866666666666678
2006Q2,0.25753264970274137,0.17467532676044686,0.8508713983201737,0.473333333333334,0.49804210423713374,0.274440174488662,2.4339280874808664,1.8866666666666678
2006Q3,0.38171710488048893,0.30257116783526533,0.9492902828466103,0.473333333333334,0.5251994612386142,0.344198915428562,2.5173977241008147,1.8866666666666678
2006Q4,0.39096424398118185,0.36646747379524963,0.8223983596100006,0.473333333333334,0.5230079767529829,0.3912378095448803,2.447968624578261,1.8866666666666678
2007Q1,0.39446923019985153,0.343949141570584,0.8753994704361685,0.473333333333334,0.5485112990351605,0.38899808626913374,2.537115071995802,1.8866666666666678
2007Q2,0.3538684333010295,0.30297010062604823,0.8333330406551198,0.473333333333334,0.5248199048296226,0.35824394599511195,2.466594889586565,1.8866666666666678
2007Q3,0.4212603045576278,0.36224372556816564,0.9250929244020585,0.473333333333334,0.4764959760934755,0.31977906315413274,2.3699336437440977,1.8866666666666678
2007Q4,0.599380338643051,0.44341146170099016,1.3384658763489126,0.473333333333334,0.5389022492353577,0.2673665542945222,2.631806651398616,1.8866666666666678
2008Q1,0.6753174378679971,0.4909970019578932,1.5524539894020233,0.473333333333334,0.37380116956485293,0.12714095952517054,2.245045305898188,1.8866666666666678
2008Q2,0.29533474219177724,0.14873709856650577,1.1528987585569346,0.473333333333334,0.1966309824982261,0.056619705394106656,1.6421107266602721,1.8866666666666678
2008Q3,0.3457099599875306,0.1709767172129839,1.2916308135826835,0.473333333333334,0.12385783382790654,0.046516559631131216,1.4080788822476231,1.8866666666666678
2008Q4,0.6738161523348017,0.6000306160105024,1.6043824899379047,0.473333333333334,0.008408599261541682,0.008690437919722257,-0.29482824312931166,1.8866666666666678
2009Q1,0.5534782268044645,0.6247921446371001,1.1674597084573812,0.473333333333334,0.0016292365104615693,0.010452765422459008,-1.2675118178084057,1.8866666666666678
2009Q2,0.12173189430611144,0.20448897731434545,0.33333360010603796,0.473333333333334,0.00048474358357429283,0.010784433808147201,-2.059135908727459,1.8866666666666678
2009Q3,0.00925608636151232,0.023060333860004497,-0.6968399619216388,0.473333333333334,0.00037874243821969117,0.020297047455742425,-2.340406830744124,1.8866666666666678
2009Q4,0.009380208650419393,0.01632616277807246,-0.4333526081312926,0.473333333333334,0.0004974514769197811,0.02366999797169133,-2.0172321085430074,1.8866666666666678
2010Q1,0.004997408706005691,0.007960648595502438,-0.5070553821950268,0.473333333333334,0.0005166997865132427,0.02347522390397624,-1.9801972034560293,1.8866666666666678
2010Q2,0.006328251161316807,0.013550276340092727,-0.4766374896175931,0.473333333333334,0.0003913986053286708,0.02667322630035446,-2.1604760150717457,1.8866666666666678
2010Q3,0.016660417186939155,0.04953652538459709,-0.26077443814661583,0.473333333333334,0.0003289276044878705,0.03595026101759385,-2.2449306989196636,1.8866666666666678
2010Q4,0.013126036658647523,0.04865115358045046,-0.3517214942979524,0.473333333333334,0.0001982011162183357,0.03319984091851415,-2.5666665280507006,1.8866666666666678
2011Q1,0.003532417454614427,0.012443511386362845,-0.6834361430991965,0.473333333333334,0.00022711054510234424,0.02732997271603278,-2.5783060625874867,1.8866666666666678
2011Q2,0.004428780797715594,0.016075175796153453,-0.5302121632502913,0.473333333333334,0.00020630361395552948,0.030695251477691938,-2.5722789545584526,1.8866666666666678
2011Q3,0.018219007379519526,0.07229049181472762,-0.07530461161817636,0.473333333333334,0.00022358278126045027,0.041420337030807906,-2.428763541444088,1.8866666666666678
2011Q4,0.031075106970774993,0.13804255831961282,0.05432835126961766,0.473333333333334,0.0002504466362414305,0.04821359773307861,-2.3753900868734634,1.8866666666666678
2012Q1,0.02713511669458626,0.13726329094973158,-0.00852852774913182,0.473333333333334,0.00026154296013812176,0.05052530380412142,-2.3972545813323958,1.8866666666666678
2012Q2,0.034301156646294545,0.20667178597151473,-0.03740954677280495,0.473333333333334,0.00021434202621799331,0.056634253280493735,-2.5466360006393725,1.8866666666666678
2012Q3,0.036336312943296895,0.2358202365695138,-0.05285702104103707,0.473333333333334,0.00022482172707481525,0.06425989783242368,-2.535977134151863,1.8866666666666678
2012Q4,0.02353411379043865,0.15002258017509826,-0.1807389532212722,0.473333333333334,0.0003513129358623806,0.07441709639432462,-2.2992598567105826,1.8866666666666678
2013Q1,0.015401620800600297,0.1104358166778586,-0.3356066811733127,0.473333333333334,0.0002784204227658097,0.06350150835742227,-2.4882979559663543,1.8866666666666678
2013Q2,0.01315017358959866,0.09882599555727663,-0.3986995169043579,0.473333333333334,0.0002911056960452416,0.06124271739915131,-2.4988597005313293,1.8866666666666678
2013Q3,0.00478112049054218,0.03244139948551786,-0.6451782216903721,0.473333333333334,0.00030813547157097966,0.04098793881840269,-2.548793028454951,1.8866666666666678
2013Q4,0.004387677585572035,0.027832785626791482,-0.6853649348498545,0.473333333333334,0.000445406380352913,0.0418227389696603,-2.3693773606891178,1.8866666666666678
2014Q1,0.00340426387503527,0.019001106640625837,-0.7568233211327566,0.473333333333334,0.0007342873457001246,0.04660896427122364,-2.1000000818618245,1.8866666666666678
2014Q2,0.004341944007229328,0.01893684776915517,-0.6310258352429043,0.473333333333334,0.0017636099266980052,0.05573303794629761,-1.5772109784979325,1.8866666666666678
2014Q3,0.005637814738022163,0.023635563380763034,-0.5633222815863317,0.473333333333334,0.002230896545374123,0.05887584887853126,-1.43971775792415,1.8866666666666678
2014Q4,0.010612679547285522,0.04205561886574582,-0.4047815077295879,0.473333333333334,0.0034810808333811116,0.06106888948444084,-1.1955127029062238,1.8866666666666678
2015Q1,0.014831845734623095,0.06918935430673973,-0.42409930881733415,0.473333333333334,0.003720699733973769,0.07211083624579835,-1.1976677860885898,1.8866666666666678
2015Q2,0.01654394394534926,0.0652021330726767,-0.3473426963534103,0.473333333333334,0.004594955427432611,0.0601543135601169,-1.073969212681126,1.8866666666666678
2015Q3,0.029317573276135895,0.09730625351652994,-0.11321885999716674,0.473333333333334,0.006325559691756826,0.04922207062423701,-0.8817778895126773,1.8866666666666678
2015Q4,0.043446288633617526,0.13303140518910345,0.04010656187722628,0.473333333333334,0.006889214131607395,0.04596981836601549,-0.8111773988624575,1.8866666666666678
2016Q1,0.11512625553160183,0.2610626072779243,0.4224449981874243,0.473333333333334,0.01335210396192737,0.05732699503257504,-0.33264058068269486,1.8866666666666678
2016Q2,0.08431202236412078,0.1898700062781581,0.27758891514719186,0.473333333333334,0.019822996128485315,0.08064780609737612,-0.09591544779231675,1.8866666666666678
2016Q3,0.08627819549924973,0.186841833897182,0.2643326102445017,0.473333333333334,0.027296697408157638,0.10187095751469404,0.10730125377479105,1.8866666666666678
2016Q4,0.04331420617724647,0.08330681026975516,0.1309474598097039,0.473333333333334,0.030381904722642208,0.08132518028635279,0.14536390092280227,1.8866666666666678
2017Q1,0.03378445730717631,0.05299438035671137,0.10894067245327976,0.473333333333334,0.05199115066402038,0.0899422429186143,0.47913710458089653,1.8866666666666678
2017Q2,0.05379785534899384,0.091666378371126,0.18407044099064973,0.473333333333334,0.06693526693970246,0.11552103847869875,0.6309234674654145,1.8866666666666678
2017Q3,0.057020011847311994,0.10018472506366964,0.17562722345999515,0.473333333333334,0.07736969150808344,0.14042777163006237,0.7290763262765518,1.8866666666666678
2017Q4,0.04408611656135985,0.07200906283447202,0.10632252354036942,0.473333333333334,0.10037976357653917,0.14626115798575087,0.8785968345010258,1.8866666666666678
2018Q1,0.02861134496882957,0.04699561248890175,-0.021280461048441612,0.473333333333334,0.10576071283609657,0.14635041034346583,0.8830528615947777,1.8866666666666678
2018Q2,0.046776703764353146,0.0667638287361107,0.18954792918184382,0.473333333333334,0.13784722759162193,0.14768826245265376,1.1013851622708992,1.8866666666666678
2018Q3,0.06165158395902723,0.08634067157506958,0.2753969849685963,0.473333333333334,0.16864470662298922,0.16136434182137535,1.2466687596310018,1.8866666666666678
2018Q4,0.09514343612223905,0.14092289839855335,0.3964635309261999,0.473333333333334,0.15093100689951028,0.16308491907948333,1.1882921248604998,1.8866666666666678
2019Q1,0.20211711186848508,0.3148237480159499,0.5839035451017933,0.473333333333334,0.15717776679928508,0.20294026432126314,1.2468407487081057,1.8866666666666678
2019Q2,0.25641541049563277,0.3923168498830604,0.6648652274321203,0.473333333333334,0.20224874832539164,0.24400796082130652,1.4337824534262797,1.8866666666666678
2019Q3,0.3165601052536524,0.48568180668934036,0.7166233834981195,0.473333333333334,0.2197447423822909,0.29122727476244986,1.5093318430348663,1.8866666666666678
2019Q4,0.17157287742772254,0.28598858948060346,0.4983841624850256,0.473333333333334,0.1852862517800122,0.23166386460744506,1.331623103291323,1.8866666666666678
2020Q1,0.3046244334993456,0.4175637696087074,0.7798651759029507,0.473333333333334,0.1867810729429727,0.2008305798505101,1.4044116385042786,1.8866666666666678
2020Q2,0.17002143884581225,0.49046970587952116,0.1383818318666281,0.473333333333334,6.219751344056455e-05,0.11013378087781962,-2.82956267878863,1.8866666666666678
2020Q3,0.16649833981854933,0.3301364505153931,0.32535745045201336,0.473333333333334,0.003556405293394935,0.1476410047432872,-0.7343688004724918,1.8866666666666678
2020Q4,0.1419365462994208,0.21360082206164716,0.3688624286775901,0.473333333333334,0.025320112301366545,0.14427281160884678,0.2730541098934278,1.8866666666666678
2021Q1,0.0748686917252177,0.0905927635873286,0.2711971576350303,0.473333333333334,0.04473267272148567,0.125540540849643,0.5764585237610551,1.8866666666666678
2021Q2,0.05903100854331889,0.05000602948527312,0.44588078558357713,0.473333333333334,0.07291317559497301,0.11569409412301122,0.9490079885299467,1.8866666666666678
2021Q3,0.08828393897918249,0.06749191698108059,0.6614999623532072,0.473333333333334,0.15964096534770786,0.13994711066141094,1.4617202792800368,1.8866666666666678
2021Q4,0.07535239415239965,0.042620899445720915,0.7944277682843797,0.473333333333334,0.317124641250591,0.13098735277220944,1.9716929985764198,1.8866666666666678
2022Q1,0.0842965998928283,0.03656045306208455,0.99356762168668,0.473333333333334,0.3780069906318206,0.09479589730876056,2.1503762045453083,1.8866666666666678
2022Q2,0.06478324933066709,0.026331979911539256,0.9826339898228558,0.473333333333334,0.365013706895129,0.07410276122037333,2.0934765508815536,1.8866666666666678
2022Q3,0.2566633831586536,0.14718431375110905,1.3887603304749847,0.473333333333334,0.4507699145012981,0.14485101465381114,2.394486108085836,1.8866666666666678
2022Q4,0.35740474655478144,0.28533040206588967,1.3846753662355118,0.473333333333334,0.42875423478624136,0.22637482075518223,2.3451717434077826,1.8866666666666678
2023Q1,0.5141015733907631,0.5502375104617225,1.3657953043640716,0.473333333333334,0.43291999890609384,0.3940236222240132,2.3511464502360804,1.8866666666666678
2023Q2,0.6251806548191244,0.7470480241320058,1.341553927500258,0.473333333333334,0.345500151486169,0.46272187922009933,2.1040055448686825,1.8866666666666678
2023Q3,0.3872869275681838,0.5842217891998178,0.9584134164440457,0.473333333333334,0.24407019735665192,0.4495684290040766,1.733587310598983,1.8866666666666678
2023Q4,0.2660432708881695,0.48630370531581074,0.7255097160518444,0.473333333333334,0.1702993883887289,0.42320395072706274,1.4183406513943901,1.8866666666666678
2024Q1,0.2313764542245138,0.5192741124919529,0.6046771493522987,0.473333333333334,0.12537179336184892,0.491912205197867,1.1951914253145772,1.8866666666666678
2024Q2,0.11013219658289262,0.3955385766707296,0.3020487747110485,0.473333333333334,0.05215778435475991,0.4567956802206633,0.5754002100295565,1.8866666666666678
2024Q3,0.18433520246069318,0.6004444710397964,0.42834066971893714,0.473333333333334,0.03826591210415775,0.503428316971329,0.4216037814150235,1.8866666666666678
2024Q4,0.04339613260261549,0.24120568276814106,-0.016680478643823382,0.473333333333334,0.020854354336318322,0.3758944415711388,-0.04938658518119565,1.8866666666666678
2025Q1,0.025410569467099704,0.15495582802431734,-0.15233228041579477,0.473333333333334,0.014720541434293988,0.29505350161242905,-0.3000996513022658,1.8866666666666678
2025Q2,0.04695582765834347,0.2440184421324114,0.06666587502878696,0.473333333333334,0.015052884281251771,0.2735589435951591,-0.24774416047742776,1.8866666666666678
2025Q3,0.047013207664515395,0.22860337541465922,0.07530929403810738,0.473333333333334,0.01741237634398839,0.29603900680689826,-0.1342930566713676,1.8866666666666678
2025Q4,0.038346401399202305,0.18162162973189294,0.028805404340717544,0.473333333333334,0.015911779504157446,0.26248196182286665,-0.1926874021892364,1.8866666666666678
2026Q1,,0.1184165249785902,,0.473333333333334,,0.22107489766309738,,1.8866666666666678
2026Q2,,0.07996504930901474,,0.473333333333334,,0.20312385200677377,,1.8866666666666678
2026Q3,,0.052038626131955555,,0.473333333333334,,0.1766491564405652,,1.8866666666666678
