Variables ->,DIFFREALGDP_obs,DIFFREALEC_obs,DIFFREALEIK_obs,DIFFREALECD_obs,DIFFREALECH_obs,DIFFREALW_obs,INFCNA_obs,INFCOR_obs,INFK_obs,R_obs,RT2_obs,unemp_obs,AH_obs
1984Q4,0.8174229219142237,1.0087852791134186,2.3242406084138305,3.1943210298521025,0.09860213324376196,0.05590001699277648,0.615924431051988,0.7091522330653302,0.18377092589535476,2.2902393217304184,2.6666273396003155,-261.7295837833746,0.7351602976864768
1985Q1,0.9643147316146856,1.4888747519863308,1.114558035823162,3.41330063694584,0.23776182025667109,0.27301208033977076,1.1721527777532974,1.3548151597007068,0.5078881702839391,2.0970246017648764,2.5350932435669287,-262.6470214109787,1.0050297517318008
1985Q2,0.8766200074860789,0.8811670690818061,1.4222494459174457,1.1843638739460982,0.8419929094239584,0.3017023201263035,0.8074692491419306,0.8634616761535241,0.23195353602151622,1.9614701142434237,2.3203699831635185,-261.7295837833746,1.1596990143839747
1985Q3,1.5157260373827903,1.203356404301675,-1.1427861274281395,6.204505513624039,1.8457672805698,0.8652590154795448,0.781799319155712,1.0217721133259998,-0.16984953940778014,1.9557499215530718,2.199792827699474,-263.1089159966082,0.9166122963168988
1985Q4,0.7406991828691536,0.820645209803051,1.7941127895325717,-3.506025688986889,2.1573248436606764,1.3139399424817015,0.6942226816215971,0.7146681951045815,0.25835229983284197,2.00558632031168,2.1100803908018695,-265.450943417418,0.8965819969934508
1986Q1,0.9294151553613748,0.6288505975448129,-0.9968003951700838,2.021271627553697,3.9806390992365244,0.9203685637175225,0.7057627024981475,1.0739007864189976,0.02285048788362622,1.9377700426236495,1.9246917362456835,-265.450943417418,0.23709623988734663
1986Q2,0.44928555450760527,0.6751841646489531,-2.0499383762805206,3.4702277273865296,5.5853514045448875,0.7722193024246706,-0.104534179125742,0.683308979600088,0.45958497718270824,1.7152058817565659,1.7307687455187164,-263.5729539522584,-0.5437063225834926
1986Q3,0.9521209453501975,0.6727591941375326,-1.1556066445376365,8.187028271412752,1.3579636624379083,0.8328632445057071,0.5267836726817129,0.6844468588892831,0.8314263888939959,1.5397514180005079,1.5996373084599285,-266.4033315685436,-0.5416215907803057
1986Q4,0.5349594167117164,1.0177002156484671,0.9620678019312184,-1.5970774355028312,0.27093993970269276,0.7868721849682734,0.603553777503878,0.810999207780423,0.5644567775720744,1.554521133546235,1.5569825407328421,-268.33575885118387,-0.28732511395865856
1987Q1,0.7391067993540323,1.2278075734673435,-2.390311730495529,-6.112645518224927,-0.17151003926983877,-0.19902237020827332,0.9424230984925253,0.6313212366104182,0.839320938680181,1.5430337655357593,1.5750310091231905,-271.8100536955712,0.4641098201953575
1987Q2,1.0724067520746097,0.9252583503857043,1.9946264182379128,4.015230637181523,0.3427264251771277,0.037388270594423914,0.9608964069000194,0.966197172856827,0.780383001652811,1.648831750480213,1.8453678658246704,-276.9925604820298,0.5603828669723754
1987Q3,0.8634396333075823,0.6849424171573454,2.7411104737082588,4.051760037096949,-0.8291942892589393,0.2609871258135117,0.942956639536705,0.8917828535828889,0.7128675639576101,1.6963633844964563,1.941856662621668,-281.34107167600365,0.7897685671402144
1987Q4,1.7023837332557405,0.7614111937990922,-0.12380745882679393,-2.737964482052234,0.1632822683195677,0.38788054315476944,0.8600602825114729,1.0112046631494378,0.4062895742723391,1.7143867165678,1.9761776788606442,-284.15815937267325,1.3656679338914124
1988Q1,0.5155512880752968,1.2841469252255766,0.794792693908222,4.620707556036279,-1.7964359381116433,0.9480602559140094,0.7866289515736985,0.9603048884901942,-0.1740227514148228,1.6521105196305892,1.8232768261059684,-286.4704011147587,1.0196582594942605
1988Q2,1.3054737675525143,0.8604155154979279,2.212898849791097,0.038404916301268556,1.2302888901653646,0.2324296762633261,1.0981996711868631,1.2046989828383081,0.55202331391719,1.7733494652849142,1.9492121577928372,-290.65011398260486,1.991907786215652
1988Q3,0.584259520477572,1.2894208451741984,0.6238675222860478,-1.3141132163783695,0.0585811658783041,0.03927544414004522,1.2240203601831476,1.1451796407186923,0.7092748691601455,1.9761776788606442,2.092128241391764,-290.65011398260486,1.8513441475330517
1988Q4,1.3236569374034326,0.8867272688515655,1.381835093953154,2.556417887746356,0.6447241401811622,-0.10973484315441556,1.0068025622231689,1.1110469863410075,0.7409188501562004,2.0953925082785143,2.152499937059358,-293.119375241642,2.573018535424243
1989Q1,1.0112643926211964,0.6216342411366235,1.5883718266601436,-0.4434222515058409,-0.9719158651345662,-0.759283591934824,1.1422379163114988,1.0854605987362258,0.5053562547015752,2.3333966471347165,2.325255181015013,-295.651156040071,3.1910982120993303
1989Q2,0.7602027800346657,0.3402286165209766,1.3450306950784476,1.3244112947839815,-3.1851473843648797,-0.6495399378420025,1.3377085463600138,0.9056281098522209,0.08042812943220254,2.4025723602667868,2.215280464113328,-295.01217623019386,3.212406472903062
1989Q3,0.7380056517088818,0.7385999231073629,2.5090624178993752,2.238560415964526,-0.46341727589868664,0.16481411952935143,0.5877462585076596,0.7414184020604608,0.22512947584270998,2.2454337162070193,1.9998686506689123,-295.01217623019386,3.090576552926727
1989Q4,0.19678730209608933,0.9853056342335669,-1.012658530860332,-3.0858453807301593,-2.147647200591308,0.7160171131788085,0.784077736018534,0.9113133490600198,0.32718017919828113,2.1304766493829197,1.9443085544606848,-292.4963202665784,2.7568810104376062
1990Q1,1.0869532462092246,0.35652768229017556,1.2748677928590175,4.134081525911805,0.8816091263118726,0.8097895334449174,1.438898393172342,1.14496353330211,0.5309246381006925,2.0415184742592403,2.0692753891747473,-293.7463365430015,2.739009905812839
1990Q2,0.36231288368389675,0.9360633238943449,-1.311342965276998,-3.3620065258329377,-4.0227871747877435,0.8085890248896956,0.9040795673423649,1.1109398285680712,0.009515911971397823,2.039885474602145,2.119871114099372,-293.119375241642,1.9875850467958145
1990Q3,0.06655952356180184,0.6423997781647313,0.7039373384704326,-1.0166873273545558,-5.526884400219079,0.46791247345332837,1.2622320829487519,1.0054825965153005,0.044169161809820744,2.0194707285519256,2.004769530377811,-286.4704011147587,1.151977154683248
1990Q4,-0.9145740648071977,-0.42744470814005103,-1.583356730310639,-2.7917552076171153,-5.943142684387376,0.008381536744599837,1.313864986089926,0.836143550241597,0.2015712374648642,1.9173344371885905,1.881357625490744,-279.1431810041261,0.41267043054560304
1991Q1,-0.4690389148507245,-0.04485610777952405,-2.0245043134787943,-2.7959994173330496,-5.413750218489961,-0.39582827333333165,0.5253254401818268,0.8837076546419983,0.8520055320480944,1.5938963801502504,1.7430535062884434,-271.8100536955712,-0.8827344748048915
1991Q2,0.7766651894062221,0.8915039763695065,-0.5065901643492586,0.5033081911769137,3.0317207173421656,1.1688291207759751,0.5442500683497724,0.7678932057963322,0.25110796060298,1.4551938419811572,1.7094715845135853,-268.33575885118387,-1.8300864442005071
1991Q3,0.5040860353406013,0.36855804531101005,-0.865060279000769,1.5255355153489527,3.3255229374584525,0.412133489062594,0.6769804784507153,0.8963555884479484,0.3701390070211292,1.4009737069098425,1.6143981823304703,-267.84913988606655,-2.2735301960731036
1991Q4,0.34793883481076093,0.24360977230368216,-0.055397827052113574,-1.6455648702649532,1.9587372579341746,0.7368535863779376,0.7226518561190897,0.7836960301358599,0.2142278774866188,1.1969742613226237,1.3656326447485556,-264.50754019408214,-2.7826499624099554
1992Q1,1.1901418421426528,1.589494542566636,-0.39212334446535724,3.8483066349947777,5.5619036620389295,2.200677787053639,0.6251451425673987,0.7624538119073822,-0.004000053334579461,1.0008084960944998,1.3130088542924279,-260.8204866132494,-3.7217504809342827
1992Q2,1.0784668592711273,0.6902298652426584,3.1823666819694516,0.6952618166429386,3.365041419817537,0.3078018854779805,0.6629285615563999,0.7032696271717366,0.2723046699405155,0.9380861805751993,1.2932677911720738,-257.7021938695806,-3.6797668801907157
1992Q3,0.9832602998744454,0.9447313892085091,1.517510235870523,2.111362444966538,0.04124796485555689,0.6580116828137608,0.6355101641962712,0.5906404551051284,0.08241064892926071,0.8108702102071503,1.0313301275064028,-257.26455640960074,-3.9082069342345704
1992Q4,1.0374553723315476,1.0811004430508961,2.5869157041583293,1.9657361373595836,3.747115557049853,-0.16378411169671955,0.6955205781403675,0.7301008891998094,0.15599539823970834,0.756299498441469,1.1047088930063957,-260.8204866132494,-3.6490232144065438
1993Q1,0.1668045262060017,0.31402303784545943,0.9875114425864954,0.9665442366898523,0.06846407957311997,-1.2845132692485095,0.5935166579659502,0.6871932580989502,-0.05042295678236681,0.7571265496318126,1.0313301275064028,-264.03915526283953,-3.197265905686919
1993Q2,0.5804828773424465,0.5716277854030547,1.9462403913023452,3.19381278921758,1.3257654053671453,0.13966133279104037,0.669688513426785,0.7561999309218524,0.5255366732733648,0.7472014838701057,0.993382906684924,-264.9781292978234,-2.4970090709501847
1993Q3,0.4760200474762246,1.1127007525905297,0.8035185253747961,1.1094572410631436,3.6733736501133043,-0.5408038654746422,0.43374896247699396,0.5575249929723242,0.4860068835337336,0.7620887131361067,0.9884322073976501,-268.82475738060305,-2.3671418482579476
1993Q4,1.3509823020075835,0.6564722592188239,3.5425214111597056,2.375644878119948,5.000406901117631,0.1714845904482963,0.5738947901737154,0.5130077191068855,0.6580629621663192,0.7447200635049451,1.0148331051815136,-271.30627429257544,-1.8797214471121038
1994Q1,0.965685203258748,0.9405413937200047,1.0524209911935207,2.3537530748216415,1.4826560602424608,-1.0566476347434017,0.35796925165922144,0.4527587869684614,0.2307678288268459,0.8001237885485507,1.127783217154689,-272.3163838912258,-1.7351152949660609
1994Q2,1.346082157533665,0.7281789989027583,1.5464377828239961,1.0724357228442163,3.1838693654712866,0.3550177467749871,0.5564906512993736,0.6706282160996713,0.594667934361913,0.9801804972260257,1.4436950575542586,-278.0620893937046,-0.6239101590189478
1994Q3,0.582882489940704,0.7101455703572344,1.6929132328621803,1.046597241344163,-1.4838374973700628,-0.6037295347972418,0.7156860549530398,0.5567507311229468,0.7024090644621519,1.1154226342138676,1.5463160053364935,-281.34107167600365,0.041300733917992716
1994Q4,1.1390581866787983,0.7037011402843694,3.827339976825403,3.453519273561958,-1.551262238438441,0.24376541533608875,0.4678190082401213,0.5067913396264221,0.17082384898408684,1.2833957980086395,1.7733494652849142,-287.6468852727173,-0.05781546369396651
1995Q1,0.3541526460812265,0.6089123347704126,3.63013302874452,-2.092709806957973,-2.2975066155764257,0.03645883133345138,0.48844453549473565,0.5227006184243893,0.3989490468506707,1.442052266123011,1.7676185012942733,-290.65011398260486,-0.09300398344702643
1995Q2,0.2978787465090653,0.8698567302267866,0.9521855015071365,1.0112385923648561,-3.130677245160915,0.34394800244546286,0.5792562000916758,0.5919756857579737,-0.10934448755975433,1.4937872364207163,1.5266209503728665,-287.05691305999846,-0.7597676239391227
1995Q3,0.8471272260705145,0.6400288916360006,0.6359279957208861,2.7816801093660017,3.635615760475848,0.04783226216932632,0.4082039799966667,0.4755890573141808,-0.32233389758408537,1.4387666022954102,1.453551239441646,-287.05691305999846,-0.143009600403321
1995Q4,0.6767866746931028,0.5449380573464908,1.9200047949513015,1.7190449699609238,1.9240813740479452,0.3274683065377889,0.4383125887968618,0.5001269130624908,-0.2223294088508986,1.4198719399812927,1.3656326447485556,-288.8373755233492,-0.4125971781718363
1996Q1,0.7462586730999001,0.9055250731584825,2.5022963851148976,1.0808738709707844,2.568494471886187,0.6022418308072016,0.5550439546572145,0.3924007326481318,0.0752360808556005,1.3319237169076656,1.3080739538530541,-289.43797792937033,-0.7415819053044004
1996Q2,1.6541866808907981,0.7385964475231234,2.6301293803648043,3.1321882816055058,4.2675742395910445,0.5165237800717865,0.6669355245307744,0.4743580357329686,-0.6616988336955437,1.3023162621922866,1.5184135325040056,-290.0422093749666,-0.3262652182986159
1996Q3,0.8930342932712958,0.582364293930687,3.0964766500253105,0.7125499671581583,-0.20933600372373887,0.44022085853717846,0.42534295029777164,0.45512686785045603,-0.26110944170226924,1.3179435112114173,1.532365742105223,-294.377253462328,-0.00767655972033765
1996Q4,1.0330155049369176,0.6168672435780927,2.506408631084945,1.928215265693829,-1.1431183051869391,0.054638319573768364,0.6788131312353355,0.567653816081752,-0.4336624559541982,1.3113639145383205,1.4387666022954102,-293.119375241642,0.6145777376776351
1997Q1,0.6433691338075908,0.8161875501745605,2.295738653745314,2.6710541197936637,0.5101758758959221,0.5281785374903478,0.4406479165633848,0.3920829660827196,-0.3858273787918966,1.310541434514294,1.4995339146370452,-295.01217623019386,0.9847980948922697
1997Q2,1.6515051002674572,0.5850614362784269,2.055780519510233,-0.3196167323341014,1.389709543815107,0.7088414998152515,0.2501846831437971,0.5203973469883576,-0.9688202236509452,1.3713866921059688,1.556162078402309,-299.57322735539907,1.0009277766915403
1997Q3,1.240838631937774,1.282345212721026,4.304027522572521,4.360692084136962,0.9640065430476423,0.5492783319289549,0.2632751797723202,0.23320537742995076,-0.6726311886467032,1.373852611051332,1.4650488906484351,-302.276094594191,1.1504898057724589
1997Q4,0.8502355049371711,0.9974487703537949,0.6377342927234664,2.519919184403053,1.0501151616050497,1.4686958812093465,0.31398089501930604,0.31595602903685177,-0.5587649728108122,1.367276692064285,1.4231582246724308,-306.47251450409425,1.1818326106585175
1998Q1,0.9987489886350195,1.045390152871757,3.1945356836170538,0.8042056421836239,2.051438330726846,1.5438941669166268,0.007542295784117688,0.2942095534832258,-0.7382336134537414,1.3705647056111967,1.3524792930911786,-307.1893634519555,1.3824953222833614
1998Q2,0.9214296481922265,1.2670293208029255,3.3234471640221432,4.930311621966362,3.406577566165069,1.0107679501886488,0.18037412495747937,0.3057613485314209,-0.7484746050388198,1.3656326447485556,1.3796061854610142,-312.3565645063876,1.51679965301188
1998Q3,1.2510815076936033,1.0765799975797945,1.5686211204767666,2.8012586503366252,2.8824491179335343,1.1650938289126853,0.3086588953613956,0.3543222252825104,-0.7671121175326632,1.373852611051332,1.2751683925163089,-309.3712681914195,1.3012875179194694
1998Q4,1.596386249052516,0.7446440180474926,2.874318310009651,5.736946222357363,2.320906787089686,0.2819577709702815,0.26327392868964294,0.31836817596139994,-0.7468561191999895,1.2076781225449367,1.0890482831172785,-311.6018439428493,2.184234988041389
1999Q1,0.9350485127447183,1.127197816520085,2.1921712004291907,0.21650685974226058,0.38461012513015885,1.4380294832602871,0.19676811321620744,0.25041349535737323,-0.8441554653499044,1.1763866920242023,1.2052081024141308,-314.6555163288575,1.7271782578243133
1999Q2,0.8312781849569538,1.0295497172741412,2.618864432441558,4.671999699322962,1.5453063410484762,0.037412016775617396,0.567565630622249,0.3465325237903364,-0.49876109969843163,1.179680987951103,1.3121863877976465,-315.43373037306293,1.9908964002883778
1999Q3,1.3171703285780818,0.9378917456980022,2.8242024990189107,2.3678900764161535,0.7482799742816232,0.5121588851720206,0.5486645596908287,0.36750169941627925,-0.4619657122430093,1.2652946123315476,1.397686693079436,-316.2180481191656,2.3832874635773216
1999Q4,1.6273535671066677,1.4770299999125474,0.4426760214394865,1.1907233119574652,0.7273251065950943,1.4490342737640414,0.6048934564720776,0.46930435179846813,-0.5960000613814785,1.3179435112114173,1.474081832149851,-320.23465229169904,2.565756257161489
2000Q1,0.36213690080515837,0.9462742513434932,3.5989722994746365,5.4293733845102,0.4944112908576483,2.789042441642739,0.8095248565628141,0.5226610074185764,-0.46618152288790404,1.4091907688217986,1.6184980384261007,-321.05770220535055,2.838344345307675
2000Q2,1.8049010344979366,1.3515538362887463,3.074614128916288,-1.864835498474672,-0.5146237138665902,-0.36419019437968736,0.47506674868289034,0.34826806661271764,-0.2115231157125823,1.556162078402309,1.6275171302096663,-323.5682943184582,2.940612803985587
2000Q3,0.1018806703718261,0.8451302025346087,1.0817940307513045,1.6846885106256613,-1.566799127055906,1.326850227732339,0.6422380191687388,0.481282803913335,-0.6143865145412339,1.6168581161583688,1.5422131887523283,-321.88758248682007,2.792332053880564
2000Q4,0.5952635784888954,0.8909643200000175,0.3757190239297116,0.6906059942967127,0.10261573266526008,0.05248860333868335,0.5638547304360009,0.4940053864419961,-0.24122528312884312,1.6053779072059695,1.4182287571360959,-324.41936328524906,2.2918878479006644
2001Q1,-0.3283372449142481,0.18875886642353484,-0.8989115223554864,1.6306104679445335,0.4308124834295675,1.5350301415176781,0.7377111883289431,0.6480213161959758,-0.449642337199647,1.3886468479011582,1.1401422724442507,-316.2180481191656,2.1684413737782293
2001Q2,0.6225609914771313,0.23231412389391795,-2.090725666304371,-0.08706270125773728,1.5384176402297398,-0.17956808702429305,0.4677204425760015,0.3773581114207052,-0.7123484058662728,1.0758584985862625,1.042051732788409,-312.3565645063876,1.1200367707146164
2001Q3,-0.4014439041817342,0.2195818707994887,-1.1894475826211464,1.140648588660634,0.6215558857603376,-0.29774788754193576,0.05040969034040824,0.25776475557204453,-0.6627045185844478,0.8703679518745585,0.9058844488346146,-302.9633825229672,-0.13673367211426424
2001Q4,0.2743986302357282,0.6001921872725398,-2.9151420642511443,8.004917014756522,-0.6445443916086923,0.6268335800721002,0.040662983985700694,0.48141679735417586,-0.4946086147511802,0.5319161477600026,0.7157656086598215,-290.0422093749666,-1.3301047658416998
2002Q1,0.8328805568896348,0.43937714833337677,-2.4274564660789357,-1.0975089938752483,3.226496777200935,0.10796091804532691,0.20130324115209605,0.30653125839838385,-0.8803749255340072,0.4323971480054458,0.7976436810771056,-286.4704011147587,-2.1737386300607398
2002Q2,0.6108371693470092,0.49960302470828727,-1.1340795756176099,0.6252829251603043,2.4500071051654824,0.5577075928150144,0.7394796728756894,0.5487106579431124,-0.5037046587928042,0.43654575096399983,0.8026038345121906,-284.15815937267325,-1.9750448791268305
2002Q3,0.40568740473782317,0.3505717357073527,-0.32639914200176107,2.9556721944145075,0.292823331416868,0.02985127678249565,0.5160997544534471,0.5320132175845708,-0.5002750384558036,0.43405660984202116,0.5559517205232368,-285.8873090836794,-2.340267664364948
2002Q4,0.12352872439737024,0.7669446975422834,-1.3545858138081723,-0.9176380756054198,1.782607095199212,-0.35559738104821237,0.4657779555678083,0.3548164663615782,-0.6674390712405875,0.3601838916602826,0.4713872226220254,-283.5883572612095,-2.185769143724947
2003Q1,0.5252600765850844,0.5365834501255747,0.49404343440371984,0.09347845430165037,1.8254035896684946,0.10960246281613913,0.7613269028463308,0.30805242074476363,-1.293496871727307,0.31201273362436777,0.4108216377854232,-283.5883572612095,-2.688292251079094
2003Q2,0.8817230452867909,0.6354958757163579,2.7291236359201743,4.440118878636608,1.5804120124348269,1.3931637030796966,0.10018554511415295,0.37833235153016104,-1.0936692919140985,0.3111819928943857,0.3552017443537528,-279.1431810041261,-2.995601011886162
2003Q3,1.6495202585942625,0.9356669427891737,2.0970761518780052,4.329958815082646,5.573078228647505,0.8979195801267498,0.6566698045506854,0.45667392986644734,-1.016196491631375,0.2538442094646877,0.41912046184680524,-279.1431810041261,-2.8318592637412543
2003Q4,1.1540367047402622,0.5730426508512207,1.2507561977695174,1.4342073855573023,2.9330847238103757,0.8071148634231328,0.49064384567762914,0.44703817439134075,-0.9181479563109021,0.24885676120841904,0.46475168767105834,-284.15815937267325,-2.3502599001511193
2004Q1,0.5650520238901694,0.8098494829615357,-0.9938395715525907,1.7325835169439574,1.1556299658510263,-0.9183946785807501,0.7681683296083166,0.5486924760659588,-0.08646099968759836,0.25051927159915816,0.4224397986436177,-286.4704011147587,-1.8900201716813392
2004Q2,0.7719649918942031,0.5946886003470373,2.469681272687592,0.26027157284159735,3.120790224181917,1.085223432952511,0.6706386513965289,0.5697902449227241,-0.08417475805093054,0.2521817543509488,0.6114600999853951,-288.24035882469883,-1.762020132662112
2004Q3,0.9441229885171067,0.9681965676200215,2.8176943799391982,2.5480253014409207,0.7107628139843678,1.2078287132134684,0.49045918977558567,0.3573742215837365,-0.7671227206709149,0.35769284903424636,0.6379606964038987,-291.2617366843484,-1.1683600790199478
2004Q4,1.015039132113368,1.0137116068616916,2.032356962120408,1.872930647603193,1.370368269716029,-0.37588410657637894,0.8515245596514716,0.54067571557643,0.13710737336476983,0.48631556659878117,0.7008714810558012,-291.2617366843484,-0.5836648736475603
2005Q1,1.1032550529235479,0.650915991079517,1.44122875680621,0.47525926595443607,2.333486653908757,-0.20037508223175216,0.5797046029203843,0.7091631975472512,-0.21644601068052066,0.615601281133679,0.8571492904100168,-293.7463365430015,-0.2653539971559482
2005Q2,0.4914150308624696,0.8763877914969557,1.604115805625692,2.6267629186105075,1.8293519987756457,-0.04352475676205163,0.629857559548231,0.4941301639194657,-0.14137870396160568,0.7331392875800284,0.9067102638107573,-297.5929646257811,0.290046701693214
2005Q3,0.7807581701131374,0.6674255962964966,2.063576263817856,1.9380451549662594,1.0898887320090473,0.4035018124621419,1.0732073762606371,0.388854426213812,-0.7251177476771142,0.8612803098222697,0.9834812630039855,-300.24212617047874,0.5971144293855701
2005Q4,0.5539792372076686,0.6337042250973418,0.7695958237613009,-3.03998467992731,-0.1963865517276669,-0.24038659070956284,0.7933069470619212,0.6662142225367883,-0.23244640155154656,0.9900824677262433,1.084926662330532,-300.24212617047874,1.3012589224769222
2006Q1,1.336413844771296,0.6718814508418303,3.2983071155243247,3.8946711355332932,-0.9416830009959231,1.1520881005153902,0.5183543401999396,0.5774181567852533,-0.4213816919223127,1.1080055510196334,1.143437762566317,-305.0540510048986,2.455372998117422
2006Q2,0.2584185748898249,0.5950679567581852,1.73416423916321,0.04109745481947778,-5.133022270502781,-0.6943454025864414,0.87354131079533,0.7934572779411304,-0.46606574540312756,1.2192040765361967,1.2406058957725237,-307.1893634519555,2.7711065877010554
2006Q3,0.14984360400800126,0.5264671557458633,1.700370361602129,1.4218714498591383,-5.6955248184864375,-0.41614866256824395,0.716609031798001,0.5372089601288798,-0.44628803615413826,1.3031388098692163,1.2249665553915456,-307.1893634519555,3.2515869511681394
2006Q4,0.8557775565417295,0.8729984698034129,1.0539930703450966,1.4004579174166631,-4.764211075140371,1.2045890103915593,-0.16491610687764,0.42982181909916517,-0.6404447063059511,1.3031388098692163,1.1772102761801004,-311.6018439428493,3.8380093347354816
2007Q1,0.30038406171306264,0.5146050852420109,1.7849216159736188,1.3358710851224296,-4.610634493649761,1.3160775207115571,0.9099222497431574,0.6871748379503425,-0.5219072908080628,1.3056064123056819,1.1846222283681493,-310.1092789211817,3.917480607188395
2007Q2,0.6098982914679727,0.16095588412130085,2.1946410336230993,1.04414945054302,-4.020272853657241,-0.7617559593818255,0.8453561845876603,0.4153376785627781,-0.4791662948375337,1.303961350780355,1.1945039767868748,-310.1092789211817,4.490128520898118
2007Q3,0.5743731109307257,0.5971900870416132,1.5561771146401167,1.2162088930156187,-6.566967552341003,-0.08766704717348735,0.5637223585978272,0.48987098760235986,-0.6910281302754329,1.2603573566218542,1.0890482831172785,-306.47251450409425,4.375628890489303
2007Q4,0.6262715512195658,0.3602689224701183,1.5310300371736896,0.7450730482193929,-8.681942099692366,0.7943019350520008,1.0116261838993466,0.6890369792538473,-0.42043156101930856,1.1178948730322575,0.8654111585883578,-303.6554268074246,4.262800447537796
2008Q1,-0.4276775590031761,0.31951845499155007,0.39596813889994503,-3.2861128128017647,-8.289428172255942,0.5699041693623769,0.8101409806099287,0.5281101910867382,-0.2812729446750562,0.7910297604252082,0.5045582944347159,-299.57322735539907,4.090061892514818
2008Q2,0.5936625931316075,0.41378535042593545,0.20192351891095225,-0.714015903335038,-4.635081499326765,-0.3247329932528296,0.9691856236144671,0.41919506629988196,-0.6543337055122205,0.520310699818125,0.6040055417266362,-293.119375241642,3.6795100308244066
2008Q3,-0.5266423802785325,-0.40872215719231864,-1.883535748821588,-3.431701938667141,-5.206522391878702,0.28358725154295594,1.0615361442510776,0.509133012797513,-0.32200703108169676,0.48382766402492344,0.5874378668790623,-281.34107167600365,2.7387389518248817
2008Q4,-2.2133412739485383,-0.09369611874578049,-6.000551239212441,-7.645945031387684,-10.240066725230545,1.0631139169079924,-1.609700198371269,-0.07880101636761658,-0.7161790382229168,0.12658651212337166,0.3028742060009686,-267.84913988606655,0.30945922602256815
2009Q1,-1.1413631359901852,-0.3127429234169941,-7.833370880406992,0.17608970311353314,-10.198923156396061,-2.6507524842048484,-0.6777388270965382,-0.0011370075099535267,-0.538591733854956,0.04582283306939198,0.2264101653067047,-249.29388214852645,-2.2656999380768816
2009Q2,-0.1788107217627024,-0.467327148441452,-3.0886570620915466,-0.7294122806200078,-6.345230047028504,2.7708596899341824,0.39650180120589684,0.3907473987151943,-0.2617926124690832,0.04498987803648136,0.25301298536250344,-237.51557858288814,-4.618206113939305
2009Q3,0.3505771547139368,0.1990040157232384,-0.5838130229633732,4.743582415571817,4.5410734889634385,0.6861918161470723,0.687406556571354,0.3542468053796723,-0.7695929482171564,0.03915899852993828,0.25800022633871955,-233.99408795378145,-5.768402532840167
2009Q4,1.075113537924483,0.14556154188727558,0.6664918205627747,-2.3865268507002653,-0.2065188137935647,0.14066790009494576,0.7684680638131745,0.6210408110039113,0.34066280556692985,0.029995500899794244,0.21809533247164029,-230.92740811448422,-5.690932447233177
2010Q1,0.48333102206776857,0.5057920669431413,0.7100878986530141,1.2155663068241018,-3.278824471575686,-1.2530944293684956,0.3859121118449631,0.3415004317258121,-0.5426681888195305,0.033327779012033446,0.2289044803471322,-231.93922113104267,-5.212344868481633
2010Q2,0.9629349822608985,0.6449820183025718,3.240167380186553,3.102926807227733,5.064977246541141,0.7128596866977482,0.1547607704161315,0.269018913557281,-0.893528559685351,0.048321656540154294,0.21726381116181767,-233.99408795378145,-4.436096649079957
2010Q3,0.7681272705002666,0.6195340085580876,2.6856779648565294,1.5588085232152629,-9.278194875255801,0.29237834843134697,0.19247012884603246,0.15371879918229828,-0.7444323062614897,0.046655781164241725,0.13490895692954816,-235.73933294890406,-3.983052107462992
2010Q4,0.5237363644451989,0.35583857743393005,1.942201450499836,2.7605907953971447,1.6414137192280278,-0.24557708155243216,0.6385387128688554,0.3156072497800484,-0.31366684284523993,0.046655781164241725,0.1207603886162124,-235.38783873815962,-3.549338034686045
2011Q1,-0.23748667360503078,0.3245067688321526,-0.11312461380092356,0.871651896297216,-0.3402361468349927,1.3715050149529695,0.8361386819335845,0.43804768256521565,0.012388613110599227,0.03915899852993828,0.173183284475883,-240.4248746770546,-3.457453279642575
2011Q2,0.6743037468666349,0.20800689149795124,2.5728211614494554,-0.7085632585593946,1.1268806486546066,-1.5456233287219348,0.9784824482816716,0.5830470726890917,0.2518637026232712,0.02333061153449124,0.14156641411623483,-240.05655013542494,-2.572959195622282
2011Q3,-0.022315225578408905,0.25767374378301205,4.595749915248564,0.8834539964539124,1.7867901038927854,0.19237163031978305,0.46116908637292475,0.45547515466940824,-0.15988202171781687,0.020831163495808793,0.07080825836803267,-240.79456086518724,-2.464014517073032
2011Q4,1.1167896811464988,-0.07974200001081365,2.538782233726075,2.3681422406562307,2.5613325595723504,-1.6118632250460432,0.32968848789626237,0.3557751676448386,-0.40393358137719065,0.018331652983159856,0.06581167270054354,-244.9539505950709,-1.707645620801479
2012Q1,0.8350941818788932,0.5153852095678318,2.538054168155351,2.4155935003510716,5.8735136903833345,1.7806617747703142,0.6607393797080684,0.6291400692663844,-0.1376743907754262,0.025829997102330134,0.07164099837412195,-249.29388214852645,-1.1784547984652782
2012Q2,0.44534162663231214,0.18375987243458267,2.2350310198367076,0.18879408179480306,0.8536473406233256,0.11113289090006119,0.24131097997900997,0.4126865374574456,-0.5892516815811359,0.0383259879882018,0.07247373144570979,-250.1036031717884,-1.2893953594867114
2012Q3,0.1439243764862845,0.07895287943125626,-0.33028327577333416,1.2882268159169332,2.5354586764943554,-0.5609591969797563,0.29007519237183305,0.2885155660916215,-0.5765565245326224,0.03582691472772273,0.06497888414971027,-252.15706341595921,-0.9820243195466816
2012Q4,0.11557374157502229,0.19100626824874523,1.082375441373148,2.24219747351642,5.0788248080300935,2.0365040055481995,0.5590680153078649,0.44120820839051045,-0.3423025871218988,0.03999200213268913,0.06747722899637357,-255.10464522925452,-0.6944985008185078
2013Q1,0.981725926551575,0.4002493217710428,1.5298416318102501,2.4802475482250794,3.731640105109326,-1.9178787452177708,0.3498011451335516,0.3898862520238355,-0.2511656121435372,0.03582691472772273,0.06664445431604468,-255.96301959839369,-0.34520066762437907
2013Q2,0.26727882651370743,0.26720341684967647,0.514835870382862,0.48691913746413623,3.3205704369492404,0.45206814799563616,0.05166677836429932,0.28176429945934595,-0.6652865155941508,0.029162414021318847,0.06747722899637357,-258.5832568377961,-0.2699660685779648
2013Q3,0.8477896552497746,0.33509392573715663,1.8227711695083706,0.908415878456601,1.7958233566224568,-0.7119695370827633,0.4099429836360439,0.3925762253220193,-0.5469708876994616,0.020831163495808793,0.09162467843529437,-262.6470214109787,-0.2173070696326107
2013Q4,0.8679640238261397,0.8562873777348591,2.372096531775345,1.019745254181985,-1.6009490016910495,0.2779436125954584,0.36810602484579025,0.43006122706132094,-0.5288054553576975,0.021664319783441285,0.08163333758904331,-266.8829487948929,-0.29825639611607
2014Q1,-0.34569281496585014,0.20372951545689935,1.6041806428903047,1.6608038577866728,-0.4299977745065268,1.5172248085603843,0.4581489981548885,0.3154681911026357,-0.8616040950606838,0.018331652983159856,0.09328980486004537,-270.805020110221,-0.2885542686013487
2014Q2,1.2835690229149197,0.6287540234970701,2.8240073345573165,3.665721410742035,3.2287609546119067,-1.121511687256565,0.44645080999361053,0.4355949638043903,-0.6744759739050383,0.02333061153449124,0.10494491355713738,-278.0620893937046,0.3833089224972497
2014Q3,1.208064832578006,0.8974706780883597,2.139961539299105,1.7190601750639904,1.5068177136170007,0.1286477348117233,0.2728037745823702,0.37499064684804395,-0.35958798543967707,0.02249746912961541,0.12908331829227132,-280.2360880573451,0.7898505326885186
2014Q4,0.5044586015433578,1.0521262742430402,0.8697253290359419,1.913355428944356,3.5220764556946005,0.9838564608708593,-0.13288173769997463,0.2707056654948075,-0.7476494336899574,0.02499687552074404,0.13490895692954816,-286.4704011147587,1.4034936200236103
2015Q1,0.8964547876924788,0.6252043234954596,0.04720321069474027,1.893564218930343,1.9516476083751817,1.2140090895876061,-0.4492676057547116,0.16691661855716888,-0.7161485853012292,0.02749621944308874,0.15071969411729344,-289.43797792937033,1.5145256192821144
2015Q2,0.6174946582536394,0.5283279322419087,0.6926064454872276,1.9962564189217962,2.634114128986966,0.3050821960609385,0.4979200705162946,0.4446722695987296,0.05614903433187104,0.03082858083798999,0.15321589780766054,-291.2617366843484,1.398269999669477
2015Q3,0.39944621156903,0.6251984364859178,0.6084726829422664,1.2993753355382924,3.1042448005615424,0.3569734098431522,0.25896691179944553,0.32122409079644737,-0.6078930050606145,0.03416083119026691,0.173183284475883,-297.5929646257811,1.139116295659992
2015Q4,0.18430917271050426,0.37738818011868724,-0.44351146462509317,0.6434106172816935,1.5464197648483684,-0.19710488342653273,-0.07621782259544671,0.24897729885066186,-0.6039065739698659,0.03999200213268913,0.2081166203824671,-298.90877308353225,1.483745284194793
2016Q1,0.5778466518471597,0.682620827506022,0.08397243221580875,1.322642520838113,3.0784093689668697,0.12366904429608643,0.04888178738042531,0.4180237999541926,-0.4875068180003551,0.08995952428359939,0.20894821775627065,-301.59349808715103,1.3647168645218422
2016Q2,0.3206095662674166,0.4515743795734466,0.8495652534969389,0.8446860354696514,0.31156581672543743,-0.3121787905016506,0.6326191925189204,0.5469717667296201,-0.30917917754016594,0.09328980486004537,0.19314668497472248,-300.91552938861315,1.257278013818297
2016Q3,0.7068859191103855,0.47367617827873737,1.4952806934113694,2.5301277936659807,-0.2707351743319129,0.17406667546180538,0.3444316390072252,0.43293407927562383,-1.0284020775998741,0.09911752901055079,0.1815018523560225,-301.59349808715103,1.3917982691853403
2016Q4,0.552768528621087,0.3891914062065874,0.800103505410323,1.5572310253540236,1.2875223358463896,0.5933357190232621,0.4568430455321142,0.34392567349386605,-0.9182601937574175,0.11243676617093261,0.2513505164298646,-304.35229373903394,1.1387293581728741
2017Q1,0.4857087331036242,0.7601524918922076,0.9947782332520642,0.8000705945110733,2.313534879167809,0.4840643222861418,0.5817836675377309,0.4631013849477933,-0.07822440901302773,0.1748470534116803,0.3095204907302522,-308.63866418221215,1.1594720768270506
2017Q2,0.5583111012977432,0.4026987380775566,1.1181342574523585,1.2657228313392863,0.5588209857358724,0.35028198132891614,0.20108916093692186,0.3338197665179697,-0.595118618890167,0.23721841450557282,0.32281173514257355,-313.11702444490953,1.4760459369925094
2017Q3,0.7854315256847847,0.4543262298309627,0.9601036857229005,2.542023669132417,0.07427407473771229,0.7711392759166136,0.35268461974230625,0.3017518890155301,-0.8727299005214196,0.28791845008425343,0.34025381295352414,-313.88331171946646,1.4013177692625334
2017Q4,1.1207427769394012,0.7809546402762516,2.3611762677951056,3.643152030230242,2.0162974618245033,0.7239552668860629,0.5967569767979922,0.4438014698633234,-0.2697617064659533,0.30038173533928003,0.4232696156274921,-317.80538303479454,1.7391207249775498
2018Q1,0.8101194549169274,0.6550964645846807,2.759266638494041,1.285156721050158,-1.9110031545346153,-0.03799052081126728,0.6968416395332754,0.6343689499838702,-0.12304342362434562,0.36101422541292255,0.5393760817015855,-321.05770220535055,2.046573657289663
2018Q2,0.5294212303768809,0.5301026801459178,1.126267623767372,0.5753267399688337,0.6822215054249195,-0.18474632850299572,0.5237150728180106,0.535412313758299,-0.24957701084786107,0.4332268823660005,0.6164294967844802,-323.5682943184582,2.2760822132090297
2018Q3,0.6217604825225362,0.42933036071479724,0.6152944856687973,0.7196702600537462,-0.9521976325129262,0.5438837988270864,0.3353478005528881,0.31824400797596647,-0.4878132660907216,0.4796810221822201,0.6661098873005468,-327.8979748937906,2.4646592536823775
2018Q4,0.14154399831848102,0.3305606296161543,0.9011201939268971,0.1651296922897835,-2.0283929789606963,-0.10077146097232417,0.37840318851952925,0.4658869058384909,-0.13021497480781796,0.5534655498474756,0.6975613736425138,-326.14354392869967,2.545822098858963
2019Q1,0.6223772907266929,0.28524177531901534,0.6721569235742871,-0.895145444774672,-1.1335101483819516,2.031223579588467,0.20341332509127152,0.4002937801276261,0.23081196030132725,0.5990355274782506,0.6189141025811875,-325.2777376543882,2.352841724750121
2019Q2,0.8316777932895804,0.6134123325893471,1.8835721900250697,2.8703451039793264,1.6817145200532304,-0.5033013390824345,0.5578265104795803,0.4215891895304373,-0.5213542550590121,0.5973788011693881,0.5286004429237438,-331.5019685421103,2.4506529017318535
2019Q3,1.1632102580909056,0.9835854314566884,0.960761654089377,2.3261169203876584,1.4238936200775003,-0.2695011673433617,0.240140207852674,0.3706901906051324,-0.5938989399884891,0.5460066669360429,0.4207801440177185,-332.42363405260267,2.5307363297449648
2019Q4,0.6795635968053435,0.62665615494154,-0.4433843873265092,0.8092745618038263,0.3172502309488684,1.4027194426935268,0.39244490605202115,0.3507594291807003,-0.42093191914915046,0.40999171749925645,0.3967120561111074,-332.42363405260267,2.0995736267856557
2020Q1,-1.3250619707964837,-1.405862154297576,-1.774309342314867,-4.075667451586986,2.7942812791958054,1.8336511693862956,0.347197039217591,0.44963128128959523,-0.19098061416262974,0.31450491440728495,0.27462256680252284,-326.14354392869967,0.42187818126846466
2020Q2,-8.204320604027085,-10.01526715099633,-8.469606659323311,-0.2688285413074501,-7.186482880656661,6.096138219592104,-0.4106282873198968,-0.18816481130248475,-0.9040911483895742,0.014998875112496793,0.048321656540154294,-204.02208285265547,-14.489732827657598
2020Q3,7.475749636244779,7.4099811219302465,4.219354609395025,16.83689288295373,12.86386862113697,-2.395115341428456,0.7836542885259877,0.7410386141127827,1.0393637536012406,0.02333061153449124,0.03499387642879886,-243.04184645039308,-6.7736674761183835
2020Q4,1.1271389657042927,1.4208532362324726,2.7794684325192964,0.676230967611431,6.818456827766152,1.8856312941073654,0.5083953082701071,0.4483107360259264,0.782221642324092,0.02249746912961541,0.0383259879882018,-269.3161588608459,-4.8269731704017715
2021Q1,1.3861646534739112,1.6337484495232542,2.2166997741302636,6.68201049263151,1.3466375722822548,-1.190866917754238,1.1302256645327824,0.8502963799781214,0.3607769296048505,0.01999800026662447,0.033327779012033446,-277.525895079566,-4.008274395243028
2021Q2,1.6875713541763346,3.361080035290259,2.3845150888285103,3.934835799578594,-1.1154990913846636,0.06723106608827675,1.5062667011432667,1.4115689170238568,3.222329262743236,0.017498468928626013,0.043323947155904145,-282.45840173581615,-2.465299942139687
2021Q3,0.8216679141919034,1.8753253995814103,-0.3825484842738301,-6.749827758594659,-0.2130749747219445,-0.2218780872751098,1.3499471281119866,1.1797159357995946,2.2427414193706845,0.02249746912961541,0.056650617173960326,-298.24870468039705,-1.2013913491881745
2021Q4,1.7012023089714858,0.875127505177551,0.754833968153996,1.5101536534924476,0.670338020780349,-0.2789064338215157,1.6548039188959356,1.292403572860717,2.313483646421553,0.01999800026662447,0.13158006212231702,-317.80538303479454,0.06552439600691073
2022Q1,-0.2551237912954558,0.10125935596388703,2.870395860683321,-0.011037486996156698,-1.790403008614906,-1.529505025195492,1.8638035479825814,1.4877822827097524,2.171623808605579,0.029995500899794244,0.3601838916602826,-325.2777376543882,0.5492753362730696
2022Q2,0.1564245950853005,0.967373141507402,1.7001614197645878,-0.32283295281851576,-2.9453999606336114,-2.107845566321178,1.8118334287225404,1.186912086818135,0.30615468113973215,0.19231495618483602,0.6776984279023669,-331.5019685421103,1.0594950707544015
2022Q3,0.7193063325293187,0.5798067070475971,1.4671945675658147,-0.3809246640922661,-6.541616986021218,0.6599129609357334,1.1413826944700052,1.2534403303880048,0.658917468403551,0.5460066669360429,0.8422762073577358,-334.29284735381793,1.5098372423691053
2022Q4,0.6878691350323368,0.38040007701724143,1.723394190590002,-1.2273020280466227,-6.002589704641966,-0.8171143467077436,1.011794849599713,1.151314078973972,-0.337175742282103,0.9091876678218173,1.0915211740505444,-333.3538733188341,1.495414504057102
2023Q1,0.7212436699247338,0.7016747261429862,2.0404756487849873,4.139140040051999,-1.7052588776552378,-0.1484931428238908,0.9538960563790373,1.152627610090329,-0.08355331600508062,1.1228391673176712,1.0808048716592045,-334.29284735381793,1.7791780557512737
2023Q2,0.6259090548015828,0.41476792506711363,2.6190810169573124,0.019432778840568432,1.0245959684991468,1.066297009927211,0.7362645386415815,0.9727823576501482,-0.0569664464668585,1.2397828335695877,1.060193369543653,-334.29284735381793,1.3215092221434688
2023Q3,1.1470027396091311,0.6561027241500607,0.42759815111876964,1.5325915751029584,2.711209937218048,0.7100653190900448,0.6705702287584352,0.5850597978391588,-1.151775502729277,1.3064289329201149,1.2216737509920619,-331.5019685421103,1.2474747516556306
2023Q4,0.8405149026469416,0.8344278766059716,1.3460706280681065,0.052431326792580044,0.3734534842356014,0.8729696145293462,0.4510523250466124,0.5285157546783672,-0.8140220261937496,1.3237003031995467,1.1936805350474484,-327.01691192557513,1.024970575048112
2024Q1,0.20964144146455704,0.49886731322989053,0.3736754138406615,-0.2318977285670894,1.9730701422565236,0.6241448409793222,0.8816403251706206,0.9796626417667487,-0.07313780237504902,1.3237003031995467,1.1145985410253998,-326.14354392869967,0.8703944776135231
2024Q2,0.8815888542736094,0.8431526731790637,0.611636625763908,1.8667808975486817,-0.5037941303637749,0.5373900194902627,0.6400290648671221,0.7105354515937556,-0.673878560705084,1.3237003031995467,1.1986210837787208,-322.7244074538718,0.8004140568609763
2024Q3,0.8213953149048351,0.8426739432515764,0.8535052471601708,2.0526415728327185,-1.2326176349846187,0.7555456592536082,0.42074569796237843,0.5811089962822074,-0.5729697796202075,1.307251446769202,1.0024585521964555,-317.80538303479454,0.7222393241602454
2024Q4,0.45882049283314846,0.6992289939313117,-0.9397878355411258,3.0596830543559985,1.0438949767507006,0.4676538627074763,0.622338276661595,0.6702700094964779,-0.07030812348417012,1.15579488337289,1.0329796800653195,-318.608600204521,0.6892960340524112
2025Q1,-0.16264860564227457,0.28214259620074816,2.2772490496876663,-0.8584828213415605,-0.24106550817835576,0.6427668016986047,0.8435094976703977,0.8056387108792082,0.21646674106590236,1.0766829110893126,1.032154907187141,-318.608600204521,0.5935229713297296
2025Q2,0.9415531607956684,0.6128472473606521,1.76293259580345,0.5673849654517008,-1.3085120263168357,-0.23222046576871969,0.5271295607433568,0.641671925192099,0.761494539010983,1.0766829110893126,0.9611989793903745,-317.0085660698769,0.7516386197509384
2025Q3,1.0705948402604935,0.9061951278387024,0.7758238084537221,0.3850759831117873,-1.84901558292614,0.596204598154165,0.6844923467202931,0.7089035656032874,0.12416052162218087,1.0676139997234455,0.9248764681149197,-313.88331171946646,0.7322422947896534
2025Q4,0.1202722552803144,0.5204701955712308,0.5906768208944919,0.03439244458356836,-0.42924835936626754,-0.0008427793359014745,0.7100047178479533,0.6555715392815507,0.20846839676525175,0.9694522559458602,0.8769766274157766,-311.22660898099423,0.6216079175719535
2026Q1,0.5169161762635712,0.13726783462703282,2.520966320253338,0.11697801552679384,-2.0351525536132744,-0.35166301579964643,1.1288132230162922,1.0816930428255833,1.6135235461465562,0.9058844488346146,0.889366717011968,-313.88331171946646,0.7619809325611904
2026Q2,0.36819005924444936,0.7831680332007938,2.0383576923127382,1.392514327141705,0.3170822821407587,-0.8825742944861097,1.2800628459577226,0.8770529560674187,1.203772610017821,0.9042327984228924,0.9876070670206336,-315.43373037306293,0.8084943558476887
