date,unrate,infl4q,credit_gr16q,bond_spread,term_spread,du_h4,du_h12
1965Q1,4.8999999999999995,1.1994758472122657,2.5600911303169878,0.583333333333333,0.22666666666666657,-1.0333333333333328,-1.1666666666666665
1965Q2,4.666666666666667,1.485814791190111,2.434354100629409,0.6133333333333324,0.12666666666666782,-0.8333333333333335,-1.1000000000000005
1965Q3,4.366666666666667,1.5312621971055211,2.2770219262346765,0.6433333333333326,0.16999999999999993,-0.6000000000000001,-0.8333333333333339
1965Q4,4.1000000000000005,1.50421282144829,2.084540223476275,0.4933333333333323,0.30666666666666664,-0.4000000000000008,-0.7000000000000006
1966Q1,3.8666666666666667,1.9517908048905377,2.1962400001504565,0.3966666666666665,0.21000000000000085,-0.033333333333333215,-0.4666666666666668
1966Q2,3.8333333333333335,2.2581797763935625,2.2090734822313802,0.7099999999999991,-0.13333333333333286,0.0,-0.3999999999999999
1966Q3,3.766666666666667,2.6480448438785267,1.945925017839715,0.7266666666666675,-0.27000000000000046,0.03333333333333233,-0.20000000000000062
1966Q4,3.6999999999999997,3.1132914882999105,1.5732192575321307,1.1333333333333337,-0.5600000000000005,0.20000000000000018,-0.1333333333333333
1967Q1,3.8333333333333335,2.6297680917729607,1.457878799194308,1.2966666666666669,-0.2400000000000002,-0.10000000000000053,0.3333333333333335
1967Q2,3.8333333333333335,2.295096400782621,1.2898522875541563,1.160000000000001,0.8299999999999996,-0.26666666666666705,0.9333333333333331
1967Q3,3.7999999999999994,2.455653169603863,1.1969594821870368,1.083333333333334,1.353333333333334,-0.26666666666666616,1.3666666666666676
1967Q4,3.9,2.545086309989687,1.4600599669929322,1.0799999999999992,1.4700000000000006,-0.5,1.9333333333333331
1968Q1,3.733333333333333,3.3147154434273087,1.1589560650526156,1.2199999999999998,0.8199999999999994,-0.33333333333333304,2.2000000000000006
1968Q2,3.5666666666666664,3.8572483191407887,1.0627677171147243,1.2800000000000002,-0.2400000000000002,-0.13333333333333286,2.333333333333335
1968Q3,3.533333333333333,3.9639364441240033,0.9207024379062589,1.4033333333333333,-0.48666666666666636,0.033333333333333215,2.500000000000001
1968Q4,3.4,4.205291484527926,0.8253453018110819,1.256666666666666,-0.1466666666666665,0.16666666666666652,2.5333333333333337
1969Q1,3.4,4.1133743253303034,0.5727627380133038,1.1999999999999993,-0.3899999999999997,0.766666666666667,2.3666666666666667
1969Q2,3.4333333333333336,4.360625893756249,0.5942554833478018,1.2333333333333316,-1.9733333333333318,1.333333333333333,2.2666666666666666
1969Q3,3.5666666666666664,4.546971727200185,0.5382644185101828,1.0600000000000005,-2.126666666666666,1.6000000000000005,2.0
1969Q4,3.5666666666666664,4.597266821289311,0.7042719241674056,1.0766666666666662,-1.6433333333333326,2.2666666666666666,1.8000000000000007
1970Q1,4.166666666666667,4.782291229284609,0.6818604479914826,1.3899999999999988,-1.2066666666666652,1.7666666666666666,0.7666666666666666
1970Q2,4.766666666666667,4.61680496266547,0.7597658426252322,1.2633333333333328,-0.1733333333333329,1.1333333333333346,0.16666666666666696
1970Q3,5.166666666666667,4.367656281889856,1.0711897845657257,1.9500000000000002,0.753333333333333,0.8666666666666671,-0.36666666666666714
1970Q4,5.833333333333333,4.509620783319348,1.2621861547189492,2.423333333333333,1.2866666666666662,0.10000000000000053,-1.0666666666666664
1971Q1,5.933333333333334,4.299952016037546,1.2403896811399873,2.5133333333333345,2.1599999999999997,-0.16666666666666696,-0.8000000000000007
1971Q2,5.900000000000001,4.333502668670415,1.1993376065719012,2.360000000000001,1.6799999999999997,-0.20000000000000107,-0.7000000000000011
1971Q3,6.033333333333334,4.342544379820337,1.2238260970780903,2.2199999999999998,1.0066666666666668,-0.4666666666666677,-0.40000000000000124
1971Q4,5.933333333333334,3.669912672964065,0.7127675760201214,2.5233333333333343,1.1399999999999997,-0.5666666666666664,0.666666666666667
1972Q1,5.766666666666667,3.7785333879235217,1.1617134227116286,2.2,2.4866666666666672,-0.833333333333333,2.499999999999999
1972Q2,5.7,3.2208285820063813,1.3146511681129387,2.080000000000001,1.8433333333333337,-0.7666666666666666,3.166666666666667
1972Q3,5.566666666666666,3.1199358626655056,1.4806958550083384,1.88,1.5466666666666669,-0.7666666666666666,2.9000000000000004
1972Q4,5.366666666666667,3.312997465767917,1.4413997043844808,1.6199999999999992,1.2266666666666675,-0.6000000000000005,2.933333333333332
1973Q1,4.933333333333334,3.4608648650663336,1.7757325412765468,1.3633333333333333,0.06666666666666643,0.1999999999999993,2.8
1973Q2,4.933333333333334,4.788687654574426,1.7285500699336593,1.2866666666666662,-1.009999999999999,0.2666666666666666,2.633333333333333
1973Q3,4.8,5.716707203601352,1.8887079521424253,1.2599999999999998,-3.3533333333333335,0.833333333333333,2.9333333333333336
1973Q4,4.766666666666667,6.933084718064869,1.6914662118453716,1.6833333333333336,-3.2433333333333323,1.833333333333334,3.0
1974Q1,5.133333333333333,8.663835168005697,1.9146819804529032,1.4899999999999993,-2.2699999999999987,3.133333333333333,2.366666666666667
1974Q2,5.2,9.553359235014074,2.04792806169717,1.5199999999999996,-3.706666666666667,3.666666666666667,1.9333333333333327
1974Q3,5.633333333333333,10.41425236915087,2.0646647752318574,1.8466666666666685,-4.126666666666666,2.833333333333334,1.2666666666666666
1974Q4,6.6000000000000005,10.895555731222917,1.8956445787121332,2.9000000000000012,-1.6766666666666667,1.6999999999999984,0.06666666666666643
1975Q1,8.266666666666666,9.831969312243032,1.6752677570740073,3.1066666666666665,1.2366666666666664,-0.5333333333333323,-1.9333333333333327
1975Q2,8.866666666666667,8.2567820162525,1.3516805317568947,2.58,2.6300000000000017,-1.3000000000000007,-2.866666666666667
1975Q3,8.466666666666667,7.448021778898836,1.0888603602599916,2.286666666666667,2.1366666666666667,-0.7333333333333334,-2.4333333333333327
1975Q4,8.299999999999999,6.602649043133277,0.9024334342753274,2.5166666666666657,2.6500000000000004,-0.5333333333333323,-2.3999999999999995
1976Q1,7.733333333333333,5.831513729106731,0.4552884265984475,2.503333333333332,2.9266666666666667,-0.2333333333333334,-1.8666666666666663
1976Q2,7.566666666666666,5.446319658242956,0.13304980844852232,2.123333333333333,2.576666666666667,-0.43333333333333357,-1.8666666666666663
1976Q3,7.733333333333333,5.099962969326312,0.053191509427915167,1.8899999999999997,2.4466666666666663,-0.8333333333333339,-1.8666666666666663
1976Q4,7.766666666666667,5.002902538240992,0.02641310335500225,2.0233333333333325,2.3166666666666664,-1.0999999999999996,-1.8000000000000007
1977Q1,7.5,5.698075122079429,0.0,1.7533333333333347,2.6933333333333325,-1.166666666666667,-1.2000000000000002
1977Q2,7.133333333333333,6.560538891378655,0.02608242281444169,1.6266666666666678,2.213333333333334,-1.1333333333333329,0.20000000000000018
1977Q3,6.8999999999999995,6.54433259463815,0.0,1.4733333333333336,1.5366666666666662,-0.8666666666666654,0.7666666666666675
1977Q4,6.666666666666667,6.39070377463085,0.20682641232998206,1.3466666666666667,1.083333333333334,-0.7666666666666675,0.7333333333333325
1978Q1,6.333333333333333,6.22769295215145,0.20682641232998206,1.1866666666666674,1.253333333333333,-0.4666666666666659,1.1000000000000005
1978Q2,6.0,6.56460094411509,0.05102042587131362,1.1500000000000004,1.0366666666666662,-0.2999999999999998,1.3999999999999995
1978Q3,6.033333333333334,6.812901252726148,0.0,1.0099999999999998,0.39000000000000057,-0.16666666666666696,1.3666666666666654
1978Q4,5.8999999999999995,7.2714809852052795,-0.02536783576366148,0.9666666666666668,-0.7633333333333336,0.06666666666666643,2.333333333333335
1979Q1,5.866666666666667,7.510895158821194,0.15384663935945714,1.049999999999999,-0.966666666666665,0.4333333333333327,2.966666666666667
1979Q2,5.7,8.174787715060946,0.5864623848526618,1.2799999999999994,-1.0666666666666664,1.6333333333333329,3.7333333333333334
1979Q3,5.866666666666667,8.884794983975107,0.9685207079107654,1.2899999999999991,-1.8433333333333337,1.7999999999999998,4.033333333333333
1979Q4,5.966666666666666,9.405084544002184,1.1961568944061534,1.370000000000001,-3.129999999999999,1.4333333333333336,4.7
1980Q1,6.3,10.496897046461344,1.6929543513737715,1.4933333333333323,-3.0600000000000005,1.1333333333333337,4.066666666666667
1980Q2,7.333333333333333,10.217646091544998,1.5686378346393088,2.880000000000001,-2.210000000000001,0.06666666666666643,2.8
1980Q3,7.666666666666667,10.079635948525699,1.7195077261483604,2.213333333333333,1.1166666666666671,-0.2666666666666675,1.7000000000000002
1980Q4,7.3999999999999995,10.130765159880093,1.7089772741262548,2.2466666666666697,-3.4300000000000015,0.8333333333333348,1.1333333333333337
1981Q1,7.433333333333334,9.73363628369973,1.3350194181778812,2.2866666666666653,-3.6099999999999977,1.4000000000000004,0.43333333333333357
1981Q2,7.3999999999999995,8.981022163473828,1.0965551690342985,2.0200000000000014,-4.030000000000001,2.033333333333334,0.0333333333333341
1981Q3,7.3999999999999995,8.30241965669149,0.8432071623221564,1.6300000000000043,-2.7299999999999986,2.500000000000001,0.0333333333333341
1981Q4,8.233333333333334,7.380335399848582,0.5852684591312285,2.596666666666666,0.5000000000000018,2.433333333333332,-0.9333333333333345
1982Q1,8.833333333333334,6.081033515516563,0.6606075417628391,2.7400000000000038,0.06666666666666465,1.5333333333333332,-1.6000000000000005
1982Q2,9.433333333333334,5.375155292124574,0.629122277358035,2.8500000000000014,-0.5833333333333339,0.6999999999999993,-2.1333333333333337
1982Q3,9.9,5.308026400378901,0.7014488198789328,3.133333333333333,2.110000000000001,-0.5333333333333332,-2.7
1982Q4,10.666666666666666,4.884791268635273,0.8483848012659019,3.7233333333333345,1.379999999999999,-2.133333333333333,-3.633333333333332
1983Q1,10.366666666666667,4.445110348953381,0.9775681503435653,3.2699999999999996,1.9100000000000001,-2.5,-3.333333333333333
1983Q2,10.133333333333333,4.397184138622715,0.8181196071908927,2.706666666666665,1.7400000000000002,-2.6999999999999993,-2.966666666666666
1983Q3,9.366666666666667,4.136873735048703,0.7146864212978171,1.8999999999999986,2.166666666666668,-1.9333333333333336,-2.4000000000000012
1983Q4,8.533333333333333,3.696086144188933,0.6863176102172514,1.92,2.2566666666666677,-1.2333333333333334,-1.7000000000000002
1984Q1,7.866666666666667,3.9490317195239073,0.5882624352548562,1.8000000000000007,2.256666666666666,-0.6333333333333337,-1.2666666666666684
1984Q2,7.433333333333334,4.003717005209475,1.0015995120162169,1.5,2.6433333333333344,-0.13333333333333375,-1.166666666666667
1984Q3,7.433333333333334,3.464204444671079,0.996728994124583,1.8433333333333337,1.4766666666666666,-0.2333333333333334,-1.4333333333333336
1984Q4,7.3,3.4228362414322975,1.25026051436653,1.8633333333333333,2.4766666666666666,-0.2666666666666657,-1.4666666666666668
1985Q1,7.233333333333333,3.520161895154123,1.8312615434898132,1.8099999999999987,3.1066666666666674,-0.1999999999999993,-1.5333333333333332
1985Q2,7.3,3.362887507706496,2.1503218665010047,2.2066666666666688,2.8899999999999997,-0.13333333333333286,-1.833333333333334
1985Q3,7.2,3.377345777102933,2.5988122419611965,2.133333333333333,2.4366666666666665,-0.23333333333333428,-1.7333333333333343
1985Q4,7.033333333333334,3.4556440276725455,3.228006736488657,2.216666666666667,1.6566666666666663,-0.20000000000000107,-1.700000000000001
1986Q1,7.033333333333334,2.98925395241741,3.1968372766541986,2.459999999999999,0.7299999999999995,-0.43333333333333535,-1.833333333333334
1986Q2,7.166666666666667,2.077250524149737,3.344496767440282,2.670000000000001,0.6833333333333336,-0.9000000000000004,-1.9333333333333336
1986Q3,6.966666666666666,1.822234877675721,3.605502790616441,2.873333333333332,1.1000000000000014,-0.9666666666666659,-1.7333333333333325
1986Q4,6.833333333333333,1.7315659735579783,3.9621815182455657,2.830000000000001,0.9966666666666661,-1.0,-1.466666666666666
1987Q1,6.599999999999999,1.9682263695523479,4.011297447599689,2.4666666666666677,0.9733333333333327,-0.8999999999999986,-1.299999999999999
1987Q2,6.266666666666667,3.0336569555781243,4.168846299514591,2.0133333333333336,1.6933333333333342,-0.8000000000000007,-0.9333333333333336
1987Q3,6.0,3.449829922433101,4.256585047331312,2.0299999999999994,2.033333333333333,-0.5333333333333341,-0.2999999999999998
1987Q4,5.833333333333333,3.706336427440715,4.278434741063423,2.2566666666666677,2.206666666666666,-0.5,0.2999999999999998
1988Q1,5.7,3.5505422805218947,4.367554088113172,2.336666666666666,1.753333333333332,-0.5,0.9000000000000004
1988Q2,5.466666666666666,3.687845544808763,4.2811278296639586,2.0699999999999985,1.7533333333333339,-0.2333333333333325,1.3666666666666671
1988Q3,5.466666666666666,3.9689092654551916,4.2221413524281735,1.9733333333333327,1.1166666666666663,-0.2333333333333325,1.4000000000000012
1988Q4,5.333333333333333,4.115651545166895,3.960747634994697,1.5566666666666666,0.48666666666666636,0.0333333333333341,1.7666666666666675
1989Q1,5.2,4.4712605099046865,3.6471267044269577,1.4366666666666674,-0.23666666666666814,0.09999999999999964,2.166666666666667
1989Q2,5.233333333333333,4.710769385077826,3.3783168497874096,1.5933333333333337,-0.9533333333333331,0.09999999999999964,2.366666666666667
1989Q3,5.233333333333333,4.074495283402331,3.045017971074895,1.7799999999999994,-0.9766666666666666,0.4666666666666668,2.3999999999999995
1989Q4,5.366666666666667,3.8517704571977,2.541001888598086,1.906666666666668,-0.706666666666667,0.7666666666666657,2.0
1990Q1,5.3,4.1484309340585614,2.5566647634469497,1.673333333333332,0.17333333333333378,1.3000000000000007,1.833333333333333
1990Q2,5.333333333333333,3.7148019550409077,2.184340755214711,1.6333333333333329,0.43333333333333535,1.5,1.7333333333333334
1990Q3,5.7,4.389287779482016,1.7148397546993863,1.713333333333333,0.543333333333333,1.166666666666667,1.0999999999999996
1990Q4,6.133333333333333,4.9190750295533885,1.1658554128590892,2.1999999999999993,0.6533333333333342,0.9666666666666677,0.5
1991Q1,6.6000000000000005,4.00550207656287,1.0255744836644338,2.1866666666666674,1.589999999999999,0.7666666666666666,-0.0333333333333341
1991Q2,6.833333333333333,3.6456725775702874,0.7323550531736093,1.7899999999999991,2.2666666666666675,0.7666666666666675,-0.6333333333333329
1991Q3,6.866666666666667,3.060420973072227,0.3661578879309802,1.7433333333333332,2.296666666666667,0.7666666666666657,-0.8666666666666671
1991Q4,7.1000000000000005,2.4692078431013895,0.0813670368385522,2.0533333333333337,2.5300000000000002,0.2666666666666666,-1.4666666666666677
1992Q1,7.366666666666667,2.5690275454869655,-0.18374929596831652,1.8999999999999995,3.2800000000000002,-0.23333333333333428,-1.9000000000000012
1992Q2,7.6000000000000005,2.6877060386935967,-0.5921060759588924,1.7533333333333347,3.6066666666666665,-0.5333333333333341,-1.9333333333333336
1992Q3,7.633333333333333,2.6462357244391463,-0.8184036849567805,2.086666666666666,3.3600000000000008,-0.833333333333333,-1.966666666666666
1992Q4,7.366666666666667,2.6191044464604123,-1.1677665625070666,2.126666666666666,3.7066666666666666,-0.7333333333333343,-1.8000000000000007
1993Q1,7.133333333333333,2.5874759618589622,-1.2981902733191122,2.123333333333334,3.2400000000000007,-0.5666666666666664,-1.5999999999999988
1993Q2,7.066666666666666,2.594235913729352,-1.3772491579490003,2.1500000000000012,2.9899999999999993,-0.8666666666666663,-1.5666666666666664
1993Q3,6.8,2.3924747120100696,-1.274947302770123,2.006666666666665,2.556666666666667,-0.7999999999999998,-1.5333333333333332
1993Q4,6.633333333333333,2.2708489240434333,-1.31177629343634,1.9466666666666672,2.6166666666666663,-1.0,-1.2999999999999998
1994Q1,6.566666666666666,2.03530151773672,-1.3716087910823505,1.7800000000000002,2.853333333333333,-1.1000000000000005,-1.333333333333333
1994Q2,6.2,1.9221036556092956,-1.3505738718775602,1.5133333333333328,3.143333333333333,-0.5333333333333332,-1.2000000000000002
1994Q3,6.0,2.2040407480853634,-1.31177629343634,1.5066666666666686,2.846666666666666,-0.33333333333333304,-1.1333333333333329
1994Q4,5.633333333333333,2.097964966151749,-1.165855412859092,1.3699999999999992,2.669999999999999,-0.06666666666666643,-0.9666666666666659
1995Q1,5.466666666666666,2.2284402499872535,-1.0674856418457428,1.3933333333333335,1.6733333333333338,0.0666666666666682,-0.833333333333333
1995Q2,5.666666666666667,2.2512057987795777,-0.9188457646220902,1.6133333333333324,0.6000000000000005,-0.16666666666666696,-1.2666666666666675
1995Q3,5.666666666666667,1.9437237238232148,-0.6339808036752475,1.7299999999999995,0.5266666666666664,-0.40000000000000036,-1.1333333333333337
1995Q4,5.566666666666666,1.9142173043799546,-0.3270692602451162,1.746666666666667,0.17333333333333378,-0.2333333333333334,-1.1333333333333329
1996Q1,5.533333333333334,1.9808167235424299,-0.04101723643649722,1.7999999999999998,0.5466666666666669,-0.3000000000000007,-1.2333333333333343
1996Q2,5.5,2.068496047981504,0.2671624274096371,1.576666666666667,1.4766666666666666,-0.5,-1.2333333333333334
1996Q3,5.266666666666667,2.0856350182826153,0.4738501970918614,1.5133333333333328,1.4733333333333336,-0.39999999999999947,-1.0333333333333332
1996Q4,5.333333333333333,2.3261355607210836,0.6418572015469336,1.5733333333333333,1.0633333333333335,-0.6666666666666661,-1.2666666666666666
1997Q1,5.233333333333333,2.2117395226272514,0.8115569036165277,1.5066666666666668,1.286666666666667,-0.6000000000000005,-1.2000000000000002
1997Q2,5.0,1.7949886812402753,0.9129645183131203,1.4899999999999993,1.173333333333333,-0.6000000000000005,-1.0666666666666664
1997Q3,4.866666666666667,1.6329209107148375,1.0332048873211486,1.5133333333333336,0.7099999999999991,-0.3333333333333339,-0.8666666666666671
1997Q4,4.666666666666667,1.2680886744988111,1.0911571320504228,1.5300000000000011,0.39999999999999947,-0.2333333333333334,-0.766666666666667
1998Q1,4.633333333333333,0.8349830537195639,1.251800255074689,1.666666666666667,0.06666666666666732,-0.33333333333333304,-0.39999999999999947
1998Q2,4.3999999999999995,0.7651724955332344,1.6476070690463764,1.6566666666666663,0.09666666666666668,-0.13333333333333286,0.0
1998Q3,4.533333333333333,0.8105562111223028,1.8842450493536005,1.923333333333333,-0.33000000000000096,-0.2999999999999998,0.2999999999999998
1998Q4,4.433333333333334,0.759849244792613,2.0107295277074617,2.579999999999999,-0.1899999999999995,-0.36666666666666714,1.0666666666666664
1999Q1,4.3,0.9490750622246895,2.245097371532582,2.42,0.25,-0.2666666666666666,1.4000000000000004
1999Q2,4.266666666666667,1.336266567889479,2.2081939801910857,2.1999999999999993,0.793333333333333,-0.33333333333333304,1.5666666666666664
1999Q3,4.233333333333333,1.5762722322189064,2.444814932439502,2.216666666666667,0.7899999999999991,-0.2333333333333334,1.5
1999Q4,4.066666666666666,1.91789176000135,2.4294747479130923,2.0999999999999996,0.8333333333333339,-0.16666666666666652,1.8000000000000007
2000Q1,4.033333333333333,2.530648503347961,2.5352960800602546,1.8500000000000005,0.8033333333333328,0.20000000000000018,1.833333333333334
2000Q2,3.9333333333333336,2.438149621408584,2.59923810369242,2.416666666666667,-0.09666666666666668,0.4666666666666659,2.1999999999999993
2000Q3,4.0,2.5317230808865268,2.650334093265758,2.4266666666666667,-0.626666666666666,0.833333333333333,2.133333333333333
2000Q4,3.9,2.4906843548504263,2.78279252591943,2.6466666666666665,-0.9066666666666672,1.6,1.9333333333333331
2001Q1,4.233333333333333,2.4188706866165717,2.750448939645702,2.83,-0.5433333333333339,1.4666666666666668,1.4666666666666668
2001Q2,4.3999999999999995,2.4115243805096878,3.010142286667588,2.7666666666666675,0.9433333333333325,1.4333333333333336,1.1999999999999993
2001Q3,4.833333333333333,1.8196960516813385,3.2063583880919713,2.969999999999999,1.4833333333333338,0.9000000000000004,0.6000000000000005
2001Q4,5.5,1.2965043052310503,3.2626265312977734,3.1533333333333324,2.636666666666667,0.36666666666666714,-0.06666666666666643
2002Q1,5.7,0.7600963580542062,3.207841011743215,2.879999999999999,3.3433333333333337,0.16666666666666696,-0.40000000000000036
2002Q2,5.833333333333333,1.0318555883539047,3.001379201698845,2.923333333333333,3.3500000000000005,0.2999999999999998,-0.7333333333333325
2002Q3,5.733333333333333,1.4975456524669442,2.9597503987040015,3.366666666666667,2.5200000000000005,0.39999999999999947,-0.7666666666666666
2002Q4,5.866666666666667,1.9226606240490578,2.9488688423946328,3.5933333333333337,2.5633333333333335,-0.0333333333333341,-0.9000000000000004
2003Q1,5.866666666666667,2.482684285743297,2.8421167316025286,3.2,2.67,-0.16666666666666696,-1.1333333333333337
2003Q2,6.133333333333333,1.8433901579817502,3.0775044233500903,2.853333333333334,2.373333333333333,-0.5333333333333341,-1.5
2003Q3,6.133333333333333,1.9839602080789696,2.8546740592148647,2.573333333333334,3.216666666666667,-0.6999999999999993,-1.4999999999999991
2003Q4,5.833333333333333,2.0088260981888073,2.72161129620045,2.376666666666668,3.2899999999999996,-0.39999999999999947,-1.3999999999999995
2004Q1,5.7,2.0156675249507936,2.621027323684394,2.253333333333333,3.0166666666666675,-0.40000000000000036,-1.2000000000000002
2004Q2,5.599999999999999,2.586120631233159,2.6045187131242464,2.0633333333333335,3.5900000000000007,-0.4999999999999982,-1.0999999999999988
2004Q3,5.433333333333334,2.4199100164580654,2.6450236821984148,2.1466666666666665,2.87,-0.4666666666666668,-0.7666666666666666
2004Q4,5.433333333333334,2.7807907304318773,2.8488878394146764,2.0133333333333345,2.2233333333333327,-0.4666666666666668,-0.6333333333333337
2005Q1,5.3,2.5923270037439674,2.9384611793820357,1.669999999999999,1.8266666666666667,-0.5666666666666664,-0.2999999999999998
2005Q2,5.1000000000000005,2.5515459118956794,2.7996479493014403,1.8133333333333335,1.2166666666666668,-0.4666666666666677,0.2333333333333325
2005Q3,4.966666666666667,3.1342940983807277,2.634012891445659,1.7666666666666666,0.7533333333333343,-0.33333333333333304,1.0333333333333332
2005Q4,4.966666666666667,3.0760764857911904,2.6640514150439927,1.8466666666666667,0.5099999999999993,-0.5333333333333332,1.9000000000000004
2006Q1,4.733333333333333,3.014726223070731,2.826928615474271,1.7366666666666672,0.11333333333333329,-0.2333333333333334,3.533333333333334
2006Q2,4.633333333333333,3.2584099743178196,2.9135199867948116,1.666666666666667,0.1633333333333331,-0.13333333333333286,4.666666666666666
2006Q3,4.633333333333334,2.901811629855182,2.9561312417424244,1.6966666666666672,-0.35000000000000053,0.033333333333333215,4.999999999999999
2006Q4,4.433333333333334,1.943588575915612,2.95983374967996,1.6500000000000004,-0.6166666666666671,0.36666666666666625,5.5
2007Q1,4.5,2.335156485458847,3.026197770222485,1.6166666666666671,-0.5766666666666671,0.5,5.333333333333334
2007Q2,4.5,2.306971359251168,3.0099598255591724,1.6466666666666665,-0.4033333333333333,0.833333333333333,5.133333333333333
2007Q3,4.666666666666667,2.154084686051006,3.144843985061563,1.9000000000000004,-0.3433333333333337,1.333333333333333,4.8
2007Q4,4.8,3.3306269768279733,3.334098262810846,2.25,-0.23666666666666636,2.0666666666666673,4.7
2008Q1,5.0,3.2308457076947303,3.384167868452422,3.0866666666666664,0.48666666666666725,3.2666666666666675,4.033333333333333
2008Q2,5.333333333333333,3.354675146721558,3.205128708546211,3.1033333333333326,1.8000000000000003,3.966666666666666,3.7333333333333334
2008Q3,6.0,3.8524889323748313,3.1892283952526155,3.3433333333333337,1.9233333333333331,3.633333333333333,3.0
2008Q4,6.866666666666667,1.2311625501042143,2.7040843123475997,5.586666666666668,2.7466666666666666,3.0666666666666664,1.7666666666666657
2009Q1,8.266666666666667,-0.2567172576022452,2.629120044771851,5.476666666666667,2.5533333333333337,1.5666666666666664,0.0
2009Q2,9.299999999999999,-0.8294010800108288,2.473615724147959,4.67,3.1333333333333337,0.3333333333333339,-1.0999999999999996
2009Q3,9.633333333333333,-1.2035306676905564,2.2659318526233134,3.143333333333333,3.3600000000000003,-0.16666666666666607,-1.5999999999999996
2009Q4,9.933333333333334,1.1746375944938734,1.8231659276972658,2.8666666666666676,3.3399999999999994,-0.43333333333333357,-2.1333333333333337
2010Q1,9.833333333333334,2.238288533435375,1.2721101443136715,2.5699999999999994,3.5833333333333335,-0.8000000000000007,-2.1000000000000005
2010Q2,9.633333333333333,1.9965475026456265,0.5835645796314256,2.6866666666666665,3.296666666666667,-0.5666666666666664,-2.0999999999999988
2010Q3,9.466666666666667,1.50161107492031,0.04616806482911224,2.9899999999999998,2.6,-0.4666666666666668,-2.2333333333333334
2010Q4,9.5,1.371681723976001,-0.5396447579342457,3.05,2.6766666666666667,-0.8666666666666671,-2.5666666666666664
2011Q1,9.033333333333333,1.8219082940646114,-0.9580900508297481,2.6299999999999994,3.3033333333333337,-0.7666666666666657,-2.3666666666666663
2011Q2,9.066666666666666,2.645629971930147,-1.5548253820454552,2.640000000000001,3.1166666666666663,-0.8666666666666671,-2.8666666666666663
2011Q3,9.0,2.9143289294570387,-1.950635929797874,3.0366666666666675,2.343333333333333,-0.9666666666666668,-2.9333333333333336
2011Q4,8.633333333333333,2.60547870448443,-2.2687125405232695,3.2066666666666666,1.9733333333333332,-0.833333333333333,-2.9333333333333327
2012Q1,8.266666666666667,2.4300794022589303,-2.643738625861262,3.1633333333333336,1.9333333333333333,-0.5333333333333341,-2.7333333333333334
2012Q2,8.2,1.6929079339562403,-2.7935290261000922,3.2700000000000005,1.67,-0.6666666666666652,-2.7666666666666657
2012Q3,8.033333333333333,1.5218140399551752,-2.975481614721659,3.2300000000000004,1.5,-0.7999999999999998,-2.9333333333333327
2012Q4,7.8,1.7511935673667842,-2.8349746636962228,2.8666666666666663,1.5466666666666669,-0.8666666666666663,-2.7666666666666666
2013Q1,7.733333333333333,1.440255332792267,-2.973953098080253,2.8599999999999994,1.8066666666666666,-1.0666666666666664,-2.833333333333334
2013Q2,7.533333333333334,1.2506111311775674,-3.0453492331808736,2.84,1.8800000000000001,-1.333333333333334,-2.6000000000000005
2013Q3,7.233333333333333,1.3704789224417617,-3.0307165140039802,2.693333333333333,2.626666666666667,-1.166666666666667,-2.333333333333334
2013Q4,6.933333333333334,1.1795169319796666,-2.7954206594453144,2.61,2.66,-1.2333333333333334,-2.166666666666667
2014Q1,6.666666666666667,1.287864785001012,-2.529628606183644,2.353333333333333,2.69,-1.1333333333333329,-2.1000000000000005
2014Q2,6.2,1.6826488166303228,-2.171145009216757,2.1966666666666668,2.5300000000000002,-0.7666666666666666,-1.833333333333333
2014Q3,6.066666666666666,1.5455096075766486,-1.9831364445918982,2.2433333333333336,2.4066666666666667,-0.9666666666666659,-1.7333333333333334
2014Q4,5.7,1.0445218450309135,-1.6093070979168667,2.4600000000000004,2.1799999999999997,-0.666666666666667,-1.5333333333333332
2015Q1,5.533333333333334,0.1371052411213068,-1.4595584026695176,2.533333333333333,1.8566666666666667,-0.6333333333333346,-1.5000000000000009
2015Q2,5.433333333333334,0.18857450164399606,-1.1372981116890855,2.6666666666666665,2.043333333333333,-0.5,-1.5
2015Q3,5.1000000000000005,0.17473763886105603,-0.9275388601588025,3.023333333333333,2.0833333333333335,-0.20000000000000107,-1.3333333333333335
2015Q4,5.033333333333333,0.23140155396557702,-0.8652512311929393,3.229999999999999,2.03,-0.2666666666666666,-1.1999999999999997
2016Q1,4.8999999999999995,0.7295509471007253,-0.4911749345949134,3.3866666666666667,1.5599999999999998,-0.33333333333333304,-1.0333333333333328
2016Q2,4.933333333333334,0.8642500691033367,-0.19672232654776942,2.913333333333334,1.38,-0.5666666666666664,-1.3000000000000003
2016Q3,4.8999999999999995,0.9497147963111149,0.0,2.6933333333333334,1.1666666666666665,-0.5666666666666664,-1.2999999999999994
2016Q4,4.766666666666667,1.4827756644386716,-0.03282994562401459,2.5099999999999993,1.6800000000000004,-0.5999999999999996,-1.1666666666666665
2017Q1,4.566666666666666,2.015677544595985,0.21402830755084518,2.216666666666667,1.7433333333333332,-0.5333333333333332,-0.733333333333333
2017Q2,4.366666666666667,1.5841475130139882,0.3119909128045109,2.233333333333334,1.313333333333333,-0.43333333333333357,8.633333333333333
2017Q3,4.333333333333333,1.592400493749084,0.3119909128045109,2.0899999999999994,1.0900000000000003,-0.566666666666666,4.466666666666666
2017Q4,4.166666666666667,1.7323144250149671,0.42596050126307916,1.9,1.1666666666666663,-0.3333333333333335,2.5999999999999996
2018Q1,4.033333333333333,1.8473723970105271,0.2958614411750754,1.71,1.3133333333333332,-0.16666666666666652,2.2
2018Q2,3.9333333333333336,2.1699983088916146,0.44307034324064687,1.8566666666666665,1.1833333333333333,-0.30000000000000027,2.0
2018Q3,3.766666666666667,2.152661489702168,0.49441294941141517,1.8866666666666663,1.003333333333334,-0.16666666666666696,1.2999999999999994
2018Q4,3.8333333333333335,1.934307701423714,0.4611461447687858,2.1066666666666665,0.813333333333333,-0.2333333333333334,0.3333333333333335
2019Q1,3.8666666666666667,1.4408793869816865,0.5614502809513836,2.3166666666666664,0.25,-0.033333333333333215,0.0
2019Q2,3.6333333333333333,1.4749908246432553,0.49376193543540753,2.263333333333333,-0.06333333333333302,9.366666666666667,0.0
2019Q3,3.6,1.3797832319430385,0.4436527863349,2.2233333333333336,-0.3933333333333333,5.199999999999999,-0.06666666666666687
2019Q4,3.6,1.3938249494755397,0.39552571865215536,2.12,0.1499999999999999,3.1666666666666665,-0.03333333333333366
2020Q1,3.8333333333333335,1.5376086636018589,0.7813135876026133,2.5133333333333336,0.1166666666666667,2.4,-0.30000000000000027
2020Q2,13.0,0.569153865802383,1.5784648755666049,3.22,0.6266666666666667,-7.066666666666666,-9.466666666666667
2020Q3,8.799999999999999,1.1126679464757052,1.601181033596331,2.663333333333333,0.5566666666666666,-3.7333333333333325,-5.166666666666666
2020Q4,6.766666666666667,1.228618348693786,1.8820138167114964,2.436666666666667,0.7733333333333333,-2.5999999999999996,-2.9666666666666663
2021Q1,6.233333333333333,2.0116469740089618,1.8784471643653318,2.1500000000000004,1.2366666666666666,-2.3666666666666667,-2.4
2021Q2,5.933333333333334,3.928541962472152,1.4579542605271707,1.9599999999999997,1.5233333333333334,-2.3000000000000003,-1.9666666666666672
2021Q3,5.066666666666666,4.494834802058141,1.1793136051542612,1.9133333333333333,1.2333333333333334,-1.5333333333333332,-0.8999999999999995
2021Q4,4.166666666666667,5.64124341268398,0.8621544017792351,1.7733333333333332,1.4566666666666668,-0.6000000000000005,-0.0333333333333341
2022Q1,3.8666666666666667,6.374821296133771,0.803927790863286,2.006666666666667,1.8200000000000003,-0.3333333333333335,0.26666666666666705
2022Q2,3.6333333333333333,6.680388023713024,0.499211434293937,2.086666666666667,2.1599999999999997,-0.10000000000000009,0.5666666666666669
2022Q3,3.533333333333333,6.471823590071063,0.2920214903188952,2.2433333333333336,0.916666666666667,0.10000000000000009,0.7999999999999998
2022Q4,3.5666666666666664,5.828814520774838,0.03261579066662373,2.1433333333333335,0.1766666666666672,0.23333333333333384,0.8833333333333337
2023Q1,3.533333333333333,4.918907029171296,-0.22966040772878835,1.953333333333334,-0.8700000000000001,0.30000000000000027,0.7999999999999998
2023Q2,3.533333333333333,3.843338139090345,-0.543678757343489,2.0900000000000003,-1.396666666666666,0.4333333333333331,0.7333333333333334
2023Q3,3.6333333333333333,3.372525673378785,-0.8278902196124387,1.8233333333333341,-1.1100000000000012,0.5333333333333337,0.46666666666666634
2023Q4,3.8000000000000003,2.8117831488256715,-0.9667871331906213,1.7466666666666661,-0.8899999999999997,0.3333333333333326,
2024Q1,3.8333333333333335,2.739527417617241,-1.6391172123220812,1.5733333333333333,-1.17,0.30000000000000027,
2024Q2,3.9666666666666663,2.643291943842762,-2.706222555842393,1.4799999999999995,-0.8866666666666667,0.23333333333333384,
2024Q3,4.166666666666667,2.393467413046725,-2.9810736503988293,1.6733333333333333,-1.316666666666666,0.16666666666666607,
2024Q4,4.133333333333333,2.564753364661719,-3.5283499596835006,1.453333333333334,-0.36666666666666625,0.3166666666666673,
2025Q1,4.133333333333334,2.5266225371614994,-3.7324075340615055,1.5233333333333334,0.12333333333333307,0.1999999999999993,
2025Q2,4.2,2.413723033037728,-3.5325634337352336,1.8466666666666667,0.03000000000000025,0.06666666666666643,
2025Q3,4.333333333333333,2.6774696817956594,-3.3249455534024213,1.7199999999999998,-0.03666666666666618,-0.2333333333333334,
2025Q4,4.45,2.7651361229820033,-3.17515574518969,1.7366666666666664,0.20000000000000018,,
2026Q1,4.333333333333333,3.050439848327898,,1.7133333333333338,0.5566666666666662,,
2026Q2,4.266666666666667,3.803373133542288,,1.62,0.7899999999999996,,
2026Q3,4.1,3.372634948889837,,1.5900000000000007,0.9699999999999998,,
